asia,tub,smoke,lung,bronc,either,xray
0.05441077,-0.1107197,0.0107076885,0.15417354,0.06439593,0.01740172,0.04720528
0.0602359,-0.039484147,0.035466377,0.076186486,0.033811886,0.011762559,0.036472194
0.059104845,-0.004973327,-0.039136495,0.20670265,0.14445771,0.07848404,0.12557285
-0.03080238,-0.11893307,0.05134659,-0.18773985,-0.008240061,-0.28687996,-0.06808392
-0.1913284,-0.029970137,-0.015194661,0.10986656,-1.2292587,0.03838949,0.019128645
0.03933969,0.052705888,-0.057573833,0.24650486,-0.05799777,0.1674252,0.0378503
0.05297476,0.09743175,0.075328305,-0.037555795,0.31395102,0.08598417,0.05887973
0.33489442,-0.00059354,-0.037693515,-0.02467495,-0.034596093,-0.053144775,-0.017954554
-0.19194177,0.128434,0.1639212,-0.3123365,1.3535614,0.034949385,0.19004329
0.048859395,-0.037403125,-0.009622095,0.020474738,0.1510944,0.0118491575,0.08938632
-0.12915266,-0.033769492,-0.029103588,0.13652682,-0.003512052,-0.1825682,0.081587635
-0.0633785,0.024860607,0.17721958,-0.07563503,0.9942728,0.05264586,0.043599077
0.2209228,0.008891561,-0.06358882,0.27455902,0.21238217,0.094099164,0.064243905
-0.06493731,0.08483073,0.0005136347,0.12576833,-1.1436983,0.008110492,-0.03469325
0.060715258,-0.0037134602,0.002547351,0.058351036,0.08593571,-0.007991023,0.0040844306
0.070746295,0.003411955,0.0068423906,0.20404133,0.18786004,0.012639197,0.080080755
0.10782215,0.08829558,-0.033700943,-0.016357185,-0.060539205,-0.010215468,0.026036644
0.11993585,-0.25679967,0.031586315,0.043075062,-0.004770863,-0.13854988,-0.05880363
0.0048568104,-0.011630849,0.37453383,-0.15313461,1.034875,-0.24272563,0.15064117
0.02318538,0.17288789,0.0043868213,0.08257349,-1.1777307,-0.04744855,-0.03438491
0.24740282,0.0070744017,0.1755185,-0.32960603,1.0743722,-0.11799001,0.0228582
0.028041873,-0.04526865,-0.0019850922,-0.041975897,0.3228664,-0.035286356,0.14460643
0.03527689,-0.015357344,0.045703057,-0.00843091,0.09052592,0.016005032,0.05763352
-0.13249299,-0.02585829,0.002535795,-0.085461944,-0.10125856,-0.08502012,0.15284728
0.06214305,-0.30695477,-0.37373778,0.1370936,-0.051847074,0.016856538,-0.10301635
0.07243159,-0.15423998,0.0039432617,0.022774382,0.36984354,0.03584121,0.11464459
-0.34747085,0.0024118507,0.037862428,0.16868415,-0.3240591,-0.17913389,0.057832148
0.13113663,0.018947283,-0.034233294,0.20422567,0.1182314,0.07819929,-0.00084576104
-0.11737731,-0.07198786,-0.07417689,0.11440644,-0.08033677,-0.11882381,0.036329705
0.045800842,-0.014054509,0.02157301,0.05527824,0.110519834,0.043095708,0.04336589
0.011066059,-0.012182661,0.21924677,0.16565593,0.7759256,0.25456694,-0.0071033435
0.044661354,0.042007122,0.022487234,0.23981221,0.01907468,0.23432857,0.1313307
0.09991291,-0.02027157,0.0714278,0.15940917,0.75816774,-0.098094866,-0.032808784
0.14788619,0.084705785,0.01645367,-0.42919007,1.1820223,0.17802852,0.00030501318
0.018485792,-0.060832396,-0.027685339,0.12582067,-0.21489964,-0.09146561,-0.019333402
0.030247642,-0.016230738,-0.001996649,-0.009320118,-0.0100236675,-0.015509774,0.0066567925
0.06864068,-0.05316211,-0.01430717,0.0044440026,0.22829202,0.003812858,0.17309266
0.041087408,-0.021246895,0.0034333467,-0.077633284,0.3494302,0.028638713,0.048913743
0.08255879,-0.23844819,-0.006923994,0.1270353,0.15626779,0.06667773,0.15545787
0.053697143,-0.08640462,-0.023361655,-0.032294955,-0.053601764,-0.071661904,-0.04873769
0.0031906492,0.059802752,-0.0049129208,-0.062932655,1.157153,0.13077259,0.016998893
0.03313692,0.006640588,-0.17334774,0.15578672,-1.3225272,0.1577909,-0.24940795
-0.07683385,0.01690244,-0.004794212,0.12218304,-0.036390476,-0.32851416,0.100018084
0.047116134,-0.028661663,-0.017978448,0.09283795,0.087847985,0.0022391442,0.092669085
0.21502063,0.09834587,-0.004117202,-0.2266708,0.2140756,0.0781381,0.11186018
0.023178037,0.039270636,-0.2292567,0.057965375,-0.99738157,0.019011045,-0.06302845
0.05980222,-0.013196482,0.03609633,-0.026237544,0.23338696,-0.06632212,0.08281474
-0.047787756,0.11705656,-0.05012211,-0.07112109,0.03213372,0.29371405,0.0660136
-0.15168744,-0.028361939,0.008856879,0.057691075,-0.028468817,-0.09316086,0.01881088
0.022818448,-0.05501915,0.14895734,-0.20855312,1.3914124,-0.26105022,0.32581958
-0.11571031,-0.049051125,0.01665808,0.12933494,-0.013965653,-0.18233865,-0.024665304
0.024386922,0.4315825,-0.11012185,-0.23294175,-1.1591669,-0.075427,-0.024539767
0.094113976,0.024330033,0.008052544,0.17133857,0.18648432,-0.005424488,-0.020699458
0.24855267,-0.18200597,0.04320256,0.084313475,0.3216593,-0.0029124275,0.040179443
-0.04806671,-0.116467945,-0.031882342,0.007346593,-0.19667494,-0.1746084,0.031792358
-0.047541067,-0.25549534,0.020482032,0.24341977,0.9066018,0.2380587,0.041824453
-0.029623494,-0.021963982,0.07984602,-0.049653724,0.29689848,0.0072103036,0.06304163
0.08871518,0.033584468,-0.03659972,-0.14788312,0.03635322,0.24577712,-0.003923882
0.27982128,-0.33364204,-0.26215607,0.07909504,-0.0110257035,-0.021136347,-0.15197074
-0.25224942,0.28766987,-0.099264964,-0.37903962,0.044283796,-0.20713712,-0.064434074
-0.10951286,0.032466415,-0.014081777,0.0012805897,-0.2329926,0.011786962,-0.023262426
0.063202396,0.13820322,0.22295648,-0.26070133,1.0443962,-0.03555185,-0.028408239
0.06310656,0.01207825,-0.0003380448,-0.030353028,0.013347967,0.13503236,-0.11078498
-0.042629972,-0.08176968,0.077652134,0.14579779,-0.044441678,-0.10509975,0.012286532
0.19449368,0.043036107,0.0072223158,-0.14725289,0.15538046,0.17279783,0.016867697
-0.009311079,-0.04778479,-0.025363052,0.07894348,-0.18293804,-0.15602498,0.023557786
0.014369123,-0.25983235,0.008728211,0.09261012,0.16357167,0.13650727,-0.12276202
0.15938248,-0.11026695,0.019571895,0.12950711,0.2731179,0.059103847,0.055835616
-0.00852579,-0.044437606,-0.03889953,-0.04529655,-0.082739025,-0.06064553,0.031319153
0.03821442,-0.0002862672,0.06142825,0.005112372,0.27291632,0.03448142,0.0403549
-0.07067047,-0.11771392,-0.02137796,-0.0004192772,-0.22239164,-0.0032380926,-0.049960393
-0.27824116,-0.12899254,-0.00092510623,0.21660492,-0.109058216,-0.016917814,-0.008577126
0.008742548,-0.12682624,0.0035984938,0.18740954,0.17790686,0.01712042,0.1200047
0.033808187,-0.061858974,-0.016165098,-0.11117586,0.4444352,-0.07310207,0.20950799
0.16914998,-0.1619299,0.0004529259,-0.029894264,0.0627754,0.22873406,-0.011856925
-0.23135519,0.041119546,0.0071722297,0.13182215,-0.20433846,-0.23002054,0.12012262
0.051770527,-0.025207054,0.059528545,-0.01353178,0.26173052,-0.04085039,0.040141944
0.08014868,-0.28554273,-0.28978255,0.10686942,-0.008571129,0.009362864,-0.06557339
0.09603865,-0.36397436,-0.27619687,0.11849007,-0.002689535,0.0836593,-0.17203535
0.23437715,0.014867359,-0.050692286,-0.14432488,0.1834485,0.22718318,-0.04947034
0.06393842,-0.024963992,0.010140572,0.16352782,0.09570604,-0.017607505,0.0225502
-0.07986144,-0.06084585,0.0035161346,-0.103647284,1.0115448,-0.10835913,0.20095356
0.0094564445,-0.11248579,-0.25635523,0.032392118,-0.68664074,0.1471491,-0.16682205
0.22140731,-0.11377577,-0.2306252,0.346594,-1.2490516,-0.10334501,-0.13412052
0.059356615,-0.068984285,-0.011135673,-0.06698799,0.36723167,-0.034389183,0.14386658
-0.10037357,0.03503284,-0.07064415,0.08325443,-0.21849263,-0.17231394,0.058615617
0.04894171,-0.024815783,0.01343793,0.04282354,0.10830353,-0.014063635,0.07470209
0.0440775,0.0021408303,0.008189544,0.14233442,0.0059989453,0.022958785,0.016994294
-0.072722204,-0.08257358,-0.19906232,-0.121605165,-0.9566214,-0.14085872,0.055446293
-0.13053852,-0.046138477,0.035689946,0.14848557,-0.22095838,-0.18004178,-0.035062645
-0.20160437,0.11869772,-0.022575404,0.1323113,-0.009629192,0.03932738,-0.14365733
-0.014514147,0.010006128,0.14120823,-0.064134754,0.53171664,-0.07263373,0.059072115
0.058982193,0.067059554,0.034870267,-0.11379013,0.029958533,0.07136558,-0.0068494948
0.03502208,-0.0013540725,-0.37786466,0.20018786,-1.1314375,0.3199469,-0.18799713
-0.05071245,0.010816942,-0.0033948333,-0.037277896,-0.13831356,-0.042542208,0.051620718
0.037098214,-0.11384299,-0.0064511746,0.0075416844,0.38727406,-0.026317554,0.22266224
0.00703531,-0.019464867,-0.01891083,0.06073832,0.074026704,-0.01763818,0.077368945
0.06355326,-0.020734439,-0.056529727,0.100993596,0.09845701,0.027556436,0.08746045
-0.053249948,0.019111268,0.0011847796,-0.19086242,-0.039413758,-0.013081064,-0.017277457
0.02125274,0.06531102,-0.073098056,0.11704547,0.06241523,0.07657133,0.0509362
-0.0422458,0.04119893,-0.026730625,-0.12463668,-0.19171454,-0.13457042,0.08201356
-0.039610106,-0.10602137,0.04379702,0.11178996,-0.0922549,-0.14418429,0.06636171
0.11302124,0.07868856,-0.0049261865,-0.18741316,0.0575163,0.06057432,0.037436545
-0.04712599,-0.08675631,0.026101628,-0.32527307,0.050857324,-0.031627893,-0.14657018
0.031492744,0.046269033,0.13212554,-0.07775825,1.0132021,-0.17932937,-0.009640437
-0.07533862,-0.17124256,-0.051267963,-0.11103671,-0.057408635,-0.06655862,-0.0046827253
-0.03990705,0.001705574,-0.10134869,-0.023114413,-0.10694396,-0.05341948,0.049096223
-0.12145321,0.11296506,0.11177502,-0.1729417,0.8276609,-0.007798975,0.026359558
0.23738068,-0.06476328,-0.013156987,0.286206,0.038448866,0.20862712,0.08000157
-0.30423415,-0.007064277,-0.024568843,0.2157415,-1.1697009,-0.09174189,0.120238274
-0.15847713,0.13410102,-0.02378745,0.017108185,-0.9347971,-0.049239885,-0.0072112256
-0.014677498,-0.055032942,-0.004402822,0.23099785,-0.027895063,0.14989536,0.2175694
-0.03342027,-0.071770556,-0.019235406,-0.034209467,-0.07856272,-0.07640436,0.0006318845
-0.19620426,-0.0002907688,0.050683778,0.10619851,-0.09358952,-0.2629166,0.02442176
-0.12508632,-0.04443727,-0.17835283,0.14898583,-0.013415538,0.14273788,-0.017106976
0.083021834,-0.06914507,0.03313441,0.113435425,0.062235344,0.036198035,0.037978992
-0.04767279,-0.022777148,-0.0005348243,-0.03390638,0.4706728,-0.0070332144,0.12080875
-0.10572691,-0.05883788,0.050855357,0.21551678,-0.2557427,-0.29553938,0.028054874
-0.0072624106,-0.006369635,0.4972658,-0.10386551,1.1539681,-0.3810696,0.14422491
-0.0003155865,-0.17638293,-0.057044182,0.072219424,-0.009753166,-0.04224916,0.0059284954
0.17459881,0.00390449,0.01979024,-0.21033995,0.5774843,0.14037645,0.03917859
-0.15143685,0.053106714,-0.006025403,-0.0069511435,-0.03413968,-0.22856201,0.109439835
0.11331785,-0.07609249,0.010220887,0.10576005,0.21794975,-0.043494206,0.12147436
-0.030813502,-0.2097294,0.010711852,0.18392563,-0.010551275,-0.08876085,-0.03169449
0.042468015,-0.022015478,0.051442776,0.093592815,0.0665493,-0.020277007,0.069288425
0.072013326,0.004089529,-0.024768671,0.15322676,0.03672441,0.04746432,0.11545362
0.1483904,-0.24146876,0.061765965,-0.03933993,-0.0885495,-0.17457752,-0.03138185
0.05141311,-0.039040476,-0.0013420385,-0.047905687,0.28976882,0.029694147,0.12732068
0.22349697,-0.13237853,0.027614249,-0.081802145,0.022385085,0.032860003,0.0271672
0.04210931,0.02967251,0.0036005655,0.030220142,0.15320146,0.023858482,0.007714374
-0.036565382,-0.061887518,0.1496168,0.046870936,0.84361553,-0.178542,0.1675906
-0.16311637,-0.025069335,-0.01391723,0.14097977,-0.027955357,-0.20975517,0.021352664
0.025544964,-0.080901444,-0.008286422,0.09673029,0.058649983,0.0132594695,0.120519504
0.06825885,-0.107372954,-0.030960428,-0.49678767,0.13388723,-0.13538772,-0.212841
0.1529576,0.007376895,0.020825032,0.13767754,0.15990725,-0.0330754,0.026106188
0.042045604,0.012663525,-0.033442795,0.15943311,0.013077374,0.04798242,0.031527884
-0.068972155,-0.003116542,-0.0011497659,0.11525089,-0.09861147,-0.3487669,0.066874616
-0.037195016,-0.09110972,0.025390213,0.22940873,-0.041088875,-0.25464916,-0.031674996
0.014412142,0.022478264,0.119202465,-0.038192652,0.3101298,-0.023525437,0.082853295
0.06979797,-0.009631979,0.07404556,-0.018669039,0.29776946,-0.098344766,0.12539431
0.06468979,-0.018423935,-0.001330058,0.06230547,0.05078987,0.018725166,0.031475827
0.114281915,0.036194682,-0.04597439,0.23853192,0.06253463,0.13720495,0.036122844
0.12654397,-0.13138641,0.05575256,0.20212616,0.16534628,0.07676587,-0.0012410717
-0.061788432,-0.0013014021,-0.013293633,-0.19150221,-0.0025382466,-0.24965255,0.30264574
-0.0321121,-0.1259078,-0.053974565,0.09370615,-0.06720487,-0.12631345,-0.0164013
-0.014519588,-0.06074603,-0.013990711,0.10983524,-0.009861551,-0.09778292,-0.023792343
0.1610675,0.001323043,0.016613208,-0.06747422,-0.25250238,-0.20940678,-0.06284365
-0.0004992837,-0.01785089,0.039733436,0.026442545,0.4626475,0.010634851,0.057233658
0.011671204,0.06422901,-0.013043123,-0.28601566,1.169461,-0.044335663,0.27575913
0.07478958,-0.14563037,0.10585398,0.043971665,0.79365,0.06032556,-0.08346964
0.12134427,-0.020673277,0.016435508,-0.1289221,0.6380948,-0.012137221,0.005258927
-0.11053542,0.010841381,-0.028952094,-0.20965773,-0.0006282033,-0.31654942,0.39966363
0.114976265,-0.048565224,0.028115151,0.12662928,0.12521419,0.034255426,0.053846214
-0.15396284,0.12535071,0.0014535288,-0.02284846,-0.10793323,-0.08561492,0.0037300487
0.07163843,-0.041512735,0.028940743,0.27477098,0.107434414,0.09312178,0.006365555
-0.08675842,-0.1648048,-0.008685652,-0.22902803,1.3384237,-0.18974376,0.34347072
0.22193995,0.11684976,0.07946499,-0.2985165,1.1872772,0.09856584,-0.09792139
0.04468857,-0.020024331,0.083912715,0.056413557,0.13251065,-0.06186009,0.067301
-0.054296307,-0.17756565,-0.085735686,-0.22532235,0.032799188,-0.17144878,-0.015581159
0.16132699,-0.09311703,0.056463808,0.09762251,0.17178509,-0.0039050665,0.077289455
0.11383755,-0.087813824,0.08518682,0.044059906,0.36275384,-0.14473854,0.120617606
-0.25287426,-0.058150895,-0.103724904,0.3141749,-1.1243231,-0.030073673,0.05144282
-0.17191726,0.07201841,0.011132349,0.060422797,-0.09486587,-0.1858377,-0.024691416
0.1136165,-0.09092473,0.016892616,0.14084531,-0.009084911,0.053834405,0.084067695
-0.046795573,-0.14098382,0.020221692,0.48043668,-0.09366568,0.14677843,0.12504126
-0.1382368,-0.044742495,0.0012079502,0.12329337,-0.006006049,-0.098034985,0.031453505
-0.025128135,0.0066553983,-0.0035559211,-0.05312651,-0.030656,-0.01265208,-0.02493499
-0.03684103,-0.19696768,0.027719233,0.23137364,-0.0010592309,-0.17719048,-0.02358837
0.04125355,-0.057738964,-0.003063421,-0.06378494,1.0798887,-0.011365627,0.0025242537
-0.050898403,0.057728685,0.08330867,-0.031335887,0.07750391,0.042114563,0.036185723
-0.04478449,0.11398466,-0.11397913,0.015331859,-0.11339621,-0.3443178,0.12399775
0.019051624,0.3403816,-0.032799482,-0.2841253,-0.891272,-0.15955961,0.14429262
0.065576605,-0.0433441,0.16437268,-0.20996846,0.83993024,-0.1059302,0.14658085
0.056843784,0.056758784,0.0061970875,-0.14273973,0.15180308,0.09291106,-0.0010186577
0.25640982,0.19964126,0.051406886,-0.23523602,0.895199,-0.056725126,0.019844756
0.034429114,-0.0027725839,0.020410012,0.10519278,0.07751374,-0.019010946,0.07221336
0.01754779,-0.03141142,0.020072345,0.10587673,0.057668135,0.034714065,0.04401146
0.16622582,0.0037901995,0.0081717195,-0.060218055,0.7356809,-0.016944075,-0.008537312
-0.13281581,0.059834525,0.0017941342,0.089920685,-0.21160427,-0.29699138,0.11610589
0.08255717,0.24289721,-0.047238927,-0.17474513,0.0642092,0.12667368,0.0110244695
0.002888001,0.061847255,0.0914554,0.0648468,0.24913803,-0.03194259,0.00541131
0.20359755,-0.20111777,-0.0031604543,-0.039362583,0.23649496,0.26284927,-0.019895092
0.18750106,-0.20904867,0.13876626,-0.087056056,-0.19314411,-0.27132297,0.0066144317
0.14444345,-0.11659084,0.05230521,0.2734091,0.019787138,0.11486165,0.093891606
0.024630465,0.0781693,-0.016169949,0.049966622,0.25401366,-0.01757747,0.020846056
0.05497603,0.009967763,0.006484192,0.050047897,0.07071728,-0.007057782,0.010141403
-0.10219383,0.015671594,0.017882377,0.03633385,0.00589184,0.07152863,0.0027732777
-0.07113227,0.19299886,0.018847926,-0.015626624,-0.40234742,0.038803652,-0.25326487
0.06754957,-0.13100216,0.030761337,-0.032987617,-0.074329,-0.07972257,-0.015760016
-0.019427769,-0.20606858,-0.1727911,0.1990423,-0.5136726,-0.020744765,0.04999022
0.07624725,-0.23672736,0.093645945,-0.0504978,0.68753606,0.10077291,0.069918685
-0.09622426,-0.019625833,-0.014037366,-0.06878933,0.98233104,-0.09461335,0.22390448
0.018129269,-0.016570117,0.08594192,-0.16899346,0.6651171,-0.053873632,0.12838821
0.16050287,-0.012590213,0.06869388,0.12713793,0.24518679,-0.078625925,0.0068968805
0.10555003,-0.088112496,0.026293254,0.09683488,0.1748659,0.0015527526,0.046490934
-0.0029046603,0.16335474,0.0036143055,-0.15700684,0.01572601,0.05785921,0.0045108376
-0.13361534,0.01370065,0.07145105,0.09586501,-0.076933414,-0.30266342,-0.003101226
0.090327546,-0.011061069,0.15939291,0.046263527,0.7502738,-0.22213118,0.047140628
0.069822825,-0.012788527,-0.020850565,0.10504735,-0.2619172,0.05894824,0.0055887937
0.048642527,0.02980492,-0.00123723,0.049237594,0.05372088,0.047119785,0.098666236
-0.23143624,0.18015875,-0.07329353,0.14169781,-1.0991248,-0.08054511,0.04200754
0.14891037,-0.15897156,0.0070217284,0.33537027,0.030324304,0.08649482,0.1752784
0.017058231,0.0937882,-0.054405708,0.00053676177,0.10328299,0.2601479,-0.0062097707
0.022990935,0.10151169,-0.027671527,-0.006144842,0.060133286,0.0024900676,-0.0022207373
0.08614298,-0.046696473,0.05459538,0.067134276,0.12416488,-0.014393435,0.055246975
0.051382855,0.018618356,0.05291833,0.13267756,0.11971137,-0.06619886,0.03815602
0.19439301,0.08206061,-0.008779466,-0.0680854,0.06835014,0.11421719,-0.020900553
-0.10974351,0.07818738,0.17507112,0.009863762,0.55640036,-0.07580241,0.09393724
-0.036995504,0.12136916,0.2831104,0.1348697,1.0076766,-0.12595785,-0.08256958
0.03932975,-0.037271205,-0.00038667393,-0.06300004,0.09345158,0.23485513,-0.08023149
0.044757776,-0.012113,0.0133558875,0.01474298,0.13233355,-0.017272837,0.049962234
-0.03992498,0.13615416,0.017345354,0.12133147,-1.1469442,-0.045056634,2.5393261e-05
0.07504888,0.0068699126,0.022015303,0.08771899,0.07525171,-0.012898124,0.017399663
-0.059057087,-0.023197813,0.039545305,0.13657449,-0.011458241,-0.14152414,-0.021392731
0.0006591115,0.0639362,0.016537393,0.13168885,-1.196364,-0.039978195,-0.10405992
0.016411383,0.22345528,0.017041685,0.16880119,0.16289678,0.3725893,0.29392397
-0.19763076,0.22864555,0.32638308,0.0031715287,0.095797926,-0.058337513,0.14406683
0.008220852,-0.017561745,-0.0034841886,-0.024058413,0.19062786,-0.03280788,0.12309931
-0.082630545,0.32308704,0.03543715,-0.16150163,0.0029011369,0.055668656,0.015317315
-0.031898003,-0.075241186,-0.011567564,-0.122438125,1.3006138,0.06235075,0.06287076
-0.052412264,-0.0017644438,0.08090311,-0.07150059,1.136251,-0.015109748,0.019509763
0.08892589,-0.064230055,0.022210337,0.0333641,0.21043505,-0.023329826,0.057119478
-0.006234843,0.041352235,-0.0033415905,0.02829566,0.10712904,0.079908974,0.049673185
0.07967085,-0.05194593,0.031453263,0.065849766,0.12427839,0.009560212,0.04034292
0.026686888,0.11571676,0.04207999,0.16595738,-1.1051939,0.1955266,-0.24196929
0.05980086,-0.026637616,-0.10218296,0.10165276,-1.159058,0.20948917,-0.28603533
0.118187934,0.017532187,-0.009472594,-0.16282848,0.006882338,0.24637538,-0.10722225
0.051389772,-0.082369484,0.1337619,0.17040947,0.2888609,-0.033956703,0.12840009
0.11294979,-0.061332155,0.06394404,0.08936762,0.13220711,-0.015813127,0.089691356
-0.09271456,0.027650336,0.014535979,0.11473275,-0.002710959,-0.18499301,-0.01927385
0.019988358,0.07580403,-0.07522294,0.28383297,-0.13425428,0.15415078,0.09673501
0.14073159,-0.050671175,0.0628276,0.07908742,0.19698735,-0.030752877,0.022458332
0.2271959,0.010357144,-0.031615537,-0.065831594,0.12439232,0.19155255,-0.0246229
-0.14195918,0.048330817,0.030243574,0.16270381,-0.3786708,-0.19434302,-0.009221637
-0.05677479,0.06995731,-0.002287848,-0.27213186,0.006113666,-0.086735435,-0.0013782806
0.037052162,-0.03839081,0.016478766,0.19079287,-0.015384506,0.08874357,0.0621295
-0.031741004,0.034506172,0.032146495,0.029393677,0.08730093,0.026820576,0.049542
0.047912948,-0.19633839,0.0058050593,-0.011894635,-0.024840385,-0.051513385,-0.010524958
-0.061444525,-0.06115717,-0.06386463,0.08702128,-0.04593453,-0.105331175,0.0072335587
-0.036433816,-0.2347617,0.0042906147,0.30517334,-0.010128135,-0.042797655,-0.05529718
0.13904886,-0.022026379,0.017010044,0.18519887,0.08244254,0.011075699,-0.001326427
0.056669563,0.010153454,0.027235089,0.053103536,0.10101317,-0.020221448,0.011476199
0.08410852,0.007244167,0.12327908,-0.065114774,0.89407206,0.12360648,-0.001461333
0.020623785,-0.09445338,-0.14983246,0.041171625,-0.084783345,-0.05996305,0.03049115
-0.096858315,-0.03818839,-0.020619502,0.118807584,-0.32862362,-0.052773163,-0.044220094
-0.143647,-0.045500103,-0.029428188,-0.09135579,-0.0499205,-0.15663822,-0.022988679
0.10464018,-0.032309666,0.06313265,-0.050760835,0.17838898,-0.011621686,0.04053866
-0.051025912,-0.13300091,-0.0042027854,0.2891758,-1.1907728,-0.23347299,-0.20113443
-0.056514934,0.0377728,0.02796215,0.25547978,-1.2277861,-0.08339587,-0.055165663
0.068635784,0.0133838225,-0.013608089,0.101990804,0.073514916,0.031112567,0.0045718434
-0.037758775,-0.104853444,0.0025893825,-0.0757443,1.0713587,0.05972735,0.10356946
0.030273622,0.03477624,0.053472325,0.14929825,0.19910549,0.16715282,0.06526622
0.048970528,-0.014883305,0.020174736,-0.04884097,0.3614901,0.271853,-0.10071198
-0.117206596,0.01779111,-0.0006724599,0.09055336,-0.056149017,-0.0522745,0.020771133
-0.019323297,-0.04830562,0.002687027,-0.25027528,0.16295764,-0.043389373,-0.119881906
-0.05059341,-0.062370233,-0.17938079,0.023605362,-1.1532313,0.25568244,0.027578916
0.08610398,-0.048601177,0.04642843,0.058969487,0.10009215,0.009766628,0.071032815
0.06319108,0.014645333,0.013264823,0.1022365,0.08189279,-0.0028068468,0.00035072744
-0.067360274,-0.029189928,0.01972705,-0.1124557,-0.27027312,-0.017963834,0.039656095
-0.0416618,-0.035055567,0.02222532,0.07912505,-0.00047233817,-0.13157351,-0.038946368
0.1294376,0.02171341,0.0057172435,-0.0982859,0.0030990553,0.213313,-0.11296667
-0.10996564,-0.033493012,0.029580751,0.22684391,-0.03626631,-0.12802619,-0.08438213
-0.0038068749,-0.07883042,-0.16118732,0.042862616,-1.2593725,0.15322733,0.0052350373
0.081734434,-0.110152446,-0.18692212,0.12079396,-0.021355893,-0.027432587,-0.09816322
0.044743102,0.0061112735,-0.0046177963,0.31362766,0.01866283,0.06631857,0.01775093
-0.1844256,-0.01409064,0.0024290395,0.2824607,-0.028660363,-0.12820652,-0.020909423
-0.031151583,-0.14428799,-0.00635447,-0.057561204,-0.046292048,-0.050498478,0.09685032
-0.033066694,-0.0799954,-0.09054579,0.07134536,-0.17234696,-0.06692961,-0.095979
-0.050207254,-0.0025409604,0.19443195,-0.15586989,1.2165033,-0.047778152,0.08563868
0.01234229,-0.019908592,-0.037277382,-0.08577775,-0.00097357127,-0.12602878,0.0944724
0.012272365,-0.04487202,-0.064364366,0.10995378,-0.00032650938,-0.107031904,-0.16865951
0.029965198,-0.030191591,-0.0011840543,-0.052253436,-0.06621524,-0.015286936,-0.028522829
0.034078587,-0.32650012,-0.17745231,0.100418776,-0.015943587,-0.13118225,-0.04062043
0.066125676,-0.037041202,-0.0026385514,-0.094139546,0.32925528,-0.026980387,0.09917524
-0.024373094,-0.20102037,-0.0282924,0.10824742,-0.017589124,-0.16460918,-0.038779635
0.21898535,-0.017336972,0.008189544,-0.12189498,0.07618417,0.14312087,-0.10250188
-0.06402919,-0.030098157,0.046535913,0.21555662,-0.10332354,-0.24918653,-0.0033529066
0.14076109,-0.08756529,0.01889977,0.011816352,0.21582688,-0.0017088552,0.059047546
0.021857925,0.01789421,0.02652935,-0.056963883,0.6500132,0.12139492,0.0023384322
0.08007061,0.016822115,0.003521864,0.30294994,0.01783912,0.07828256,-0.019237975
-0.10992847,-0.018228881,0.011597372,0.15885894,-0.04488271,-0.18409793,0.00036108083
-0.0022989027,-0.037725274,0.34260893,-0.28894362,1.1116022,-0.08676189,0.028178642
-0.1410452,0.12569222,-0.14792913,0.04601932,-1.0254906,-0.16942437,-0.06663272
-0.018643528,0.021773426,-0.009947434,-0.01020217,-0.07041815,-0.0074384236,0.0440066
0.012742159,-0.019911256,-0.0098934565,-0.04982391,0.80781204,-0.09598077,0.027270084
0.19226387,-0.119531065,0.019204466,-0.04340451,-0.13537653,-0.049185526,-0.009757869
-0.07310052,0.08552794,0.14406048,-0.2431257,1.0119237,0.04346249,0.07494407
0.11681101,-0.06798776,-0.0014661889,0.059703346,0.24897692,-0.043955028,0.10150371
-0.18312742,0.046119515,0.0002887121,-0.012023034,-0.023277864,-0.11175143,0.08769143
-0.18231383,0.07902712,0.005275612,0.0062645418,-0.2904184,-0.22570579,0.23354606
0.05804301,-0.012602204,0.017789405,-0.009154164,0.21674371,-0.042566773,0.06386412
-0.119169675,0.014015239,0.0014293775,0.15851256,-0.0035478903,-0.09465779,-0.09658178
0.03593846,-0.019974284,0.019671017,0.27685255,0.019616699,0.14662454,0.031824112
0.08709661,0.016522584,0.0005060427,0.08444368,0.07248572,0.25941694,-0.29863364
0.08475424,-0.11015642,-0.02002703,0.033768054,0.27217537,-0.019627297,0.14451091
0.05310197,0.01426118,0.10757767,0.016769307,0.09255603,0.091609575,-0.20257096
0.12002968,-0.07763503,-0.013978012,0.06061077,0.28973556,-0.06413084,0.1516276
0.013495636,-0.063523605,0.04666356,0.25406843,-0.008635356,-0.3029324,-0.046736576
0.013513644,-0.08939215,-0.025801625,-0.2608184,0.9968094,0.11640883,0.059919078
0.13995053,-0.07684115,0.035142772,-0.006302801,0.37516257,-0.011143134,0.060027685
0.11515941,0.027039561,0.021883016,0.15183596,0.23718911,-0.036653917,-0.059500474
-0.044323307,0.09588032,-0.2738678,-0.093205914,-0.94746655,0.044718016,-0.08680025
-0.038616393,-0.05320533,0.012941868,0.09205102,-0.0030455387,-0.135973,-0.0022483561
0.27051198,-0.087287955,-0.5079166,0.059114248,-0.6038743,0.081145495,-0.21203563
0.06927679,0.06190092,0.0023674353,0.051389404,0.24825612,0.19242623,0.045683406
0.08391167,-0.057680972,-0.0033453694,0.077901416,0.15720414,-0.030480392,0.08406023
0.059930798,-0.05268438,-0.021051329,0.04732073,0.11815559,0.033209287,0.08634889
-0.010880338,-0.05007359,0.12346346,-0.04360546,0.40765283,-0.046512302,0.08092741
-0.12537363,0.015767395,0.022578616,0.052086942,-0.3552185,-0.049883295,0.015906168
0.0035201162,-0.207692,0.025553476,0.16412127,-0.0034025665,-0.10214559,-0.0037935239
0.10147574,-0.064419724,0.04692035,0.10622212,0.18192048,-0.024266629,0.112478614
-0.03715754,0.08282656,0.005694322,-0.06804475,0.29355446,0.12145581,0.086201824
0.1222247,0.09000425,-0.0039438102,-0.14165914,0.0049770833,0.19535229,-0.0062159626
0.108726926,-0.0024752377,-0.042420242,0.23229825,0.073341355,0.059790555,-0.019764243
0.003318777,0.012472343,-0.00017212979,0.033680588,0.15739253,0.05646676,0.19853619
-0.09947252,0.29290757,0.3495824,-0.044503253,0.008109984,-0.105375275,0.23198785
-0.20540124,0.18707192,-0.004976533,0.10950841,0.50080687,0.16239686,0.045248426
0.06485581,-0.03584962,0.024637477,0.07073077,0.1043318,0.0047976505,0.034504943
0.005742341,0.01272572,0.0017364934,-0.06180531,-0.054170344,-0.012009766,-0.06857989
-0.16230814,-0.042628363,0.024999686,0.21368435,-0.81028926,0.019953964,0.05532163
0.102686964,-0.024925888,0.07012219,-0.017338762,0.1674656,-0.024306454,0.06646904
-0.09185796,0.017010758,-0.041858386,-0.08987832,-0.03084858,-0.1725602,0.24908352
0.07210718,-0.02974299,0.024755973,0.1045972,0.13590255,-0.02807943,0.062592626
0.11748643,-0.037556145,0.042392712,0.27342802,0.100027226,-0.0027350462,0.005046314
-0.097269826,0.031427152,-0.0092320675,-0.045064434,-0.013641024,-0.06178971,-0.008194264
0.07871921,-0.062196836,0.0006046698,0.040670287,0.06517364,0.37744543,-0.18228461
0.121850535,-0.09334663,0.04203238,0.1348975,0.08065715,0.065982066,0.091184914
0.24662474,-0.04966012,-0.35688955,-0.120075405,-0.48272812,0.10130238,-0.13217095
-0.043867994,0.013556014,-0.010968401,0.0030607707,-0.2808422,0.057414133,-0.092650436
0.018291062,0.03086742,0.043728698,-0.013266126,0.150184,-0.009082676,0.022560313
-0.03187699,-0.14368144,0.016222086,0.11578765,-0.07545253,-0.02654588,-0.015248979
0.06864455,0.025517404,-0.03524354,0.23217987,-0.0803395,0.17591874,0.07053703
0.04866193,-0.008977551,0.008271399,-0.0049086246,0.31595773,-0.05178416,0.0891943
0.15994939,-0.10226103,0.07388775,0.09643682,0.2786689,-0.049422927,0.10500049
0.010829573,-0.014529766,0.038468182,0.09076208,0.11396546,0.0042756675,0.07274021
-0.20031367,0.1724566,0.056943633,-0.20423625,1.0339731,0.21375023,0.08723254
0.07565033,0.14380634,0.0023619276,-0.088551916,0.11306075,0.05510497,-0.038248297
0.11618528,-0.028709322,0.07224724,0.060320936,0.25021797,-0.06731033,0.08193639
0.06818134,-0.029464897,-0.008718908,-0.02393096,-0.017421022,-0.04965246,0.02762441
0.30720797,-0.17992154,0.050328553,-0.057205383,0.90865934,-0.023401372,0.097425565
-0.22093493,0.13771969,0.029258236,0.031645972,0.5773344,0.2510696,0.13361968
0.010366745,-0.041934982,-0.002888536,-0.029402833,-0.066767864,-0.09635171,0.08033834
0.064171895,-0.009371988,0.041243467,-0.02352287,0.25241235,-0.01719567,0.018414563
-0.13507362,-0.15832856,-0.03488886,0.13598236,-0.18604784,-0.18790509,0.004570835
0.13936238,-0.073031254,0.07089479,0.0044525363,0.16198853,0.019178407,0.059337847
0.27480593,-0.396775,5.6720008e-05,0.13452809,-0.10999571,-0.19015095,-0.084829345
0.14833005,-0.055237174,0.00031115432,0.067314245,0.04492145,0.16130987,-0.14725743
-0.009063077,-0.06744404,-0.052706204,-0.072449945,-0.15553121,-0.052078538,0.042951852
-0.20213255,0.21191831,-0.012478148,0.016442472,-0.22416782,-0.1688362,0.024029518
0.12073367,0.020956729,-0.016658265,-0.1550569,0.011761798,0.2253713,0.015287618
-0.063915074,-0.0856068,0.026577072,-0.021332216,-0.01145242,-0.2511078,0.001045506
-0.02333853,-0.025458982,-0.0022756658,0.107019305,-0.24847856,-0.14924659,0.040835362
-0.05945753,-0.121126905,-0.11551566,0.19005845,-0.13404031,-0.08832545,-0.033015434
-0.24451604,0.23175326,-6.440297e-05,-0.09576347,-0.023004707,-0.12863334,0.13646339
-0.039396778,0.039363578,-0.005816503,-0.068889014,-0.18611819,0.002200284,-0.12169442
0.087390885,-0.022643497,0.024992196,-0.16152596,1.1370435,-0.10747411,0.11091363
0.24736802,-0.23365712,0.1239604,-0.08689496,0.9964966,-0.05355121,0.041022148
0.072082885,-0.12037684,-0.16223773,0.01522464,-0.039983742,0.002023245,-0.001943595
-0.16540727,-0.081060804,0.029722009,0.11622684,-0.07620892,-0.14451462,0.03530708
0.18215285,-0.05123899,0.087661855,-0.103697255,0.5208667,0.06653894,0.053654246
-0.1904941,-0.012526861,-0.023009276,0.09496393,-0.026884412,-0.15101485,0.050132602
-0.19342819,0.046743352,0.24142416,-0.014895393,1.2638801,-0.11146703,0.1584129
-0.109307215,0.2419077,0.22808264,0.015736064,0.057330675,-0.1417463,0.17529689
-0.07029848,0.107776724,0.013133846,0.1526294,-0.6078107,-0.28218764,0.007846988
-0.12082506,-0.15992042,-0.007877865,0.13273537,-0.13955253,-0.075768486,0.009233131
0.05508149,-0.013491662,0.01853022,0.04819857,0.10801201,0.029460784,0.048100132
-0.07020101,-0.062159028,0.052707985,-0.10635439,1.2628542,0.00079574407,0.28089476
-0.12438002,0.0721911,-0.078608654,0.02667347,-0.0031806463,-0.0932329,-0.026232127
0.12892501,-0.3570119,-0.17898963,0.099639595,-0.034993567,-0.019947952,-0.042611588
-0.22490448,0.0054480704,-0.051171336,0.2930582,-1.1520171,-0.08429827,0.0449249
0.03323411,-0.071072154,-0.107655495,-0.048517823,-0.8776229,-0.055630576,-0.021007983
-0.026657833,-0.17922948,0.026262816,0.092177905,-0.1532259,-0.10379039,-0.00023648009
0.14407189,-0.04496053,-0.12544502,0.019755885,-0.459771,-0.033915754,-0.07641588
-0.11617591,-0.1470236,-0.13816386,-0.063984424,-0.9521063,0.004531439,0.21544932
-0.07300909,-0.022479696,-0.020291382,0.075692676,-0.008813934,-0.17443594,0.025889022
-0.14208832,0.017716477,-0.015753215,-0.18909432,-0.09327954,-0.0078010303,0.008925092
-0.21308471,0.12369416,-0.0005190044,-0.07619949,-0.079741195,-0.07814654,0.009489434
0.1941932,-0.09128759,-0.2518858,0.37805617,-1.2571856,-0.082479864,-0.16207673
-0.098657966,0.043144237,0.18263122,-0.035575956,0.90949506,-0.21740128,0.25440556
-0.04024518,0.011832708,0.00044101168,-0.047013454,-0.09810045,0.005266505,-0.08757779
-0.013049158,-0.23928988,-0.051630247,0.105499506,-0.027112354,-0.050292768,0.0025866735
0.074331485,0.025485588,-0.010466342,0.2794475,-0.17274983,0.13938583,0.09239344
-0.13698556,-0.10773583,0.052486904,0.20601872,-0.10012403,-0.22780585,0.009234147
0.062009662,-0.021645702,0.014774401,0.03321303,0.065428175,0.035994153,0.03318608
0.12690736,-0.029603915,-0.19926761,-0.009308871,-0.10992229,0.03066802,-0.19960935
0.022842104,0.0023855427,0.03214474,0.10177755,0.06256375,-0.011087099,0.060059756
-0.045057017,0.113310985,-0.12483389,-0.13618866,-0.95493823,-0.008402423,0.24464783
0.052150194,0.014204667,-0.027026791,0.20342362,-0.012218622,0.08552056,0.09341473
-0.016348789,0.04495785,0.015011013,0.110731475,0.077238284,0.02304487,0.05255095
0.025995804,-0.028211495,-0.15195996,0.104734905,-0.045133483,-0.011499532,-0.056031115
-0.032294806,-0.057905532,0.15072514,-0.0043694843,0.599269,-0.051957592,0.0762728
0.12246287,-0.060998958,0.05159675,-0.17259197,1.2332695,0.06683459,-0.03654298
0.12415424,-0.024343831,0.036228094,-0.11835814,0.47633427,-0.01357965,0.11832105
0.0011293547,-0.017892653,-0.0041704145,0.01056064,0.09573308,-0.0129143195,0.08109145
0.11569453,-0.059718207,0.019436348,0.06353017,0.13532893,0.0047523696,0.027063044
0.05259946,-0.012378921,0.08483474,0.08582547,0.14580663,-0.032510534,0.068321496
0.17601785,-0.1770137,0.009094874,0.0013073947,0.005065065,0.17241016,0.022247495
0.121631436,0.013911667,0.0024676435,0.050031498,0.097536154,0.36596197,-0.2970453
0.20178333,-0.117127866,0.0136830155,0.44435647,-0.04025172,0.37684047,0.16874881
0.016319515,0.044927604,0.022600606,0.18313622,-0.023187302,0.08371654,0.09330907
0.015208146,0.03698963,0.010715127,0.13426624,0.094268136,-0.018043699,0.069956936
0.032689527,-0.020804442,0.065850765,0.04728747,0.24559343,-0.100922905,0.15892297
0.06717172,-0.04932921,0.004342549,0.12934174,0.15529065,0.11353404,-0.262602
0.07450095,0.0051123444,-0.010818547,0.12173402,0.03821017,0.029004687,0.03922994
0.037145972,-0.0065182284,-0.016786495,0.21871169,0.4493179,0.014734426,0.04305456
0.07164919,0.08555065,0.037831772,0.12818597,0.99357677,0.08288632,-0.1969594
-0.031191781,0.0967497,0.038756613,-0.091961324,0.11766464,0.101780474,-0.010273976
-0.20059088,0.0796423,-0.0075269127,0.038611602,-0.1862475,-0.11586482,0.017694531
-0.10983997,-0.0926962,-0.03445499,-0.1288462,-0.7466174,0.018643398,0.12342763
0.016562246,0.016854482,-0.03166905,0.07297941,0.08988311,0.021201598,0.06017781
0.06726008,0.13892877,0.06719981,0.16275361,0.71587265,0.005528528,-0.123424016
0.07214971,0.008399891,0.004846074,-0.020445803,0.24183531,-0.04027061,0.069282085
-0.05465774,-0.15863897,0.01076166,0.16201395,-0.14337175,-0.08417005,0.0097798705
0.08464976,-0.020470975,0.06369091,0.022089006,0.091434024,0.12587579,-0.17151244
0.08216785,-0.058555126,0.2009733,-0.16516073,0.8390363,-0.11029982,0.081210926
0.111591116,0.12373612,0.07219686,-0.5082671,1.0818142,0.18977825,-0.007879182
0.16150719,-0.0023715952,0.16182172,-0.2727492,0.75045365,-0.07108068,0.08613896
-0.06305559,0.011998736,-0.013113026,-0.03864272,0.93752295,0.025842935,-0.036762584
0.0028044553,-0.015857631,-0.0048945486,0.005557554,0.08432313,-0.010893979,0.08053445
0.102968015,-0.019182455,0.19582972,-0.03587558,0.95710117,-0.20453791,0.07023287
-0.22566524,0.0052724467,0.008435195,0.23026425,-0.39795467,0.018650388,-0.037676536
0.044539552,0.02144097,-0.005023701,-0.0021486406,0.07103173,-0.0014809129,-0.0049349093
0.18965204,-0.19976546,-0.08588798,0.34652653,-1.1316359,-0.1903438,-0.20973551
0.07992477,0.05107024,-0.048077922,0.23268473,0.038645152,0.06602465,0.1152195
-0.09670998,0.079450935,-0.0065575466,0.05087625,-0.008578922,-0.248717,0.038635287
0.02739162,-0.03511524,-0.005451588,0.009822105,0.16410394,0.029504174,0.040831372
-0.15417247,0.004493525,-0.00724424,0.15941107,-0.005479818,-0.0065621207,-0.042399406
0.060164604,0.018301463,-0.0007004466,0.050455827,0.15850459,0.029687218,0.18550833
0.011748861,0.02284571,0.010039448,0.07013671,0.04196716,0.009683952,0.04296571
-0.11506634,0.047408808,-0.0014641506,0.08615194,-0.105623975,-0.20163737,0.14094968
-0.12207257,0.16711497,-0.057226535,-0.2035185,0.023466906,0.2860074,0.07242545
-0.21008505,0.12575515,0.0060398974,0.04345088,-0.26265702,-0.18721348,0.0068334527
0.06077286,-0.032914508,0.004326613,0.03166572,0.24644566,-0.04783854,0.07229448
0.0638475,0.0035448875,-0.021848733,0.07255932,0.26114178,-0.01874305,0.015992442
0.023121994,0.023645284,-0.02619278,0.15681647,-0.024247266,0.08968448,0.021797132
-0.013466988,-0.045743957,-0.0026198078,0.029738361,0.17639157,0.0050802706,0.13539423
0.09133355,-0.009017496,-0.0060990583,0.11215529,0.079284295,0.0024274387,0.020145481
0.11900572,-0.04539904,0.03941977,0.20213316,0.078841045,0.007946476,-0.03701143
0.082909636,0.10245896,0.05847994,-0.15358017,0.2222179,0.14978068,0.0040604337
-0.01527418,-0.11006038,-0.000603961,0.34007713,0.072799884,0.050164483,0.17875397
0.097843625,-0.044539854,0.04345887,-0.0020140365,0.23331675,-0.021404017,0.035367344
-0.13996051,-0.03614305,-0.021838956,0.0073583936,-0.0032321033,-0.31606972,0.2545221
0.03599843,-0.051764626,-0.013754852,-0.01372908,0.35394686,-0.009451161,0.20874341
0.006270286,-0.09733661,0.031265907,0.08933837,-0.0007779368,-0.124310814,-0.009901617
0.055067413,-0.021097163,0.023252029,0.043347877,0.08993012,0.025920438,0.034652416
-0.08553162,-0.009651723,0.026926484,0.13348025,-0.0007343171,-0.1424722,-0.04528786
0.020572027,0.011403669,0.013159606,0.0030101126,0.071701445,0.0022186053,0.00933971
0.16472964,-0.09491206,0.04474599,0.031909246,0.027200503,0.17320885,-0.21478544
-0.09057601,-0.02315447,-0.0008452668,0.083873466,-0.002623513,-0.12630321,0.10122442
0.017120192,-0.04736342,-0.019981822,-0.06377131,-0.05149721,-0.029331887,-0.036764648
-0.01845496,-0.15922368,0.23482306,0.27209994,0.7810924,0.033261422,-0.05086036
-0.025586111,-0.04662545,-0.008141331,-0.015019511,0.409785,-0.035192735,0.15162784
0.14044021,-0.06354533,0.0798052,-0.0004701416,0.37355456,-0.07540142,0.034846585
0.08187017,-0.0917437,-0.014467166,-0.11325728,1.0198544,0.11144685,0.03741475
-0.067096904,0.18442789,-0.00012709624,-0.13072942,-0.07773232,-0.14628734,0.10402296
0.2004361,-0.15392224,0.09086396,0.019611303,0.4864994,0.0056724316,0.078899756
0.062108215,-0.010131977,-0.008322106,0.128155,-0.0053474237,0.04020315,0.024394752
0.1378843,-0.19416429,0.008269502,0.01629449,0.07226677,0.23772424,-0.008143406
-0.19396576,0.072330795,0.06766499,-0.13706608,0.84277093,0.07484984,0.11402486
0.07223177,-0.04350772,0.00921832,0.05249449,0.093602546,0.0013707686,0.03311202
0.08863824,0.059311036,-0.0041361656,-0.034245253,0.08683854,0.14793958,0.0022955146
0.01323084,0.103531964,0.011090921,0.11947786,-1.0878747,-0.036907572,-0.09522702
0.027421663,-0.013702134,0.043222222,0.112942874,0.1803601,-0.058095053,0.10920342
0.097336486,0.14897886,-1.4670583e-05,0.07470826,0.3470599,0.19472434,0.10417443
-0.086155415,-0.0038438751,0.0014945001,0.03926666,-0.20175233,-0.13090833,0.14386326
-0.028481638,0.015295367,-0.00017970196,0.019675007,-0.24874519,-0.044896506,-0.06286937
0.009456762,-0.11156982,-0.046296533,0.19929843,0.13863295,0.0036258681,0.118994676
-0.059149552,0.022585176,-0.006720087,0.078806676,0.4696796,0.030172935,-0.011044798
-0.053866107,-0.049938593,-0.19681141,0.04900118,-1.2337623,0.30734992,-0.003956506
0.13286787,0.027728293,-0.0004383343,-0.09555015,0.004940195,0.14406674,-0.07986804
0.036972597,-0.07462616,-0.04306958,0.16684148,-0.03651131,-0.13961323,-0.09496743
0.026167596,-0.14749019,-0.009642138,0.1500583,0.07772749,0.01386238,0.16562176
0.16980495,0.030350115,-0.0050683185,0.016329264,0.06583416,0.22184059,-0.12289389
-0.08309085,0.024205454,-0.010968679,0.117017396,-0.014318209,-0.18428074,-0.042042766
-0.026570566,0.01999152,-0.028149536,-0.059662234,-0.0642351,3.1410284e-05,0.035367034
0.00023180386,-0.16900145,-0.11066383,0.12205583,-0.053422604,-0.071805686,-0.0015923844
0.07657978,-0.06440878,0.0192087,0.21802348,-0.10841966,0.113456935,0.10530768
-0.0054656933,-0.13583681,-0.008110343,-0.22891904,0.11446518,-0.36112076,-0.102611065
-0.10071232,0.20825303,-0.065531604,-0.099262424,-0.57363856,-0.11202912,-0.014526134
0.044573367,0.008033462,-0.027672516,0.083149806,0.3346715,-0.06883322,0.105163924
-0.014811042,-0.16146578,-0.011870582,0.14476143,0.11076467,0.037154317,0.18276514
-0.0020739685,-0.05396858,-0.0010148223,-0.12086477,1.1127422,-0.031062452,0.075915925
-0.057313588,0.025139013,-0.009871719,-0.051166523,-0.14553492,0.016293243,-0.065181054
0.11243658,-0.08733199,-0.013235979,0.31347984,-0.11718067,0.0908431,0.16426648
-0.091334686,-0.08574498,0.005015004,-0.08068559,-0.033404253,-0.0786547,0.049400028
0.010023115,0.013438144,0.049603853,-0.109922685,0.025233993,0.08313744,0.09613359
0.07179436,-0.05138914,0.13733895,0.18144894,0.18743709,-0.045115136,0.1089277
0.050298866,0.006898026,0.031760875,0.014398151,0.15625162,-0.03616896,0.009902637
-0.008581316,0.044751674,0.009065737,0.046475954,0.078479305,0.09830842,0.06529088
0.047059316,-0.03450422,0.037730396,0.10817877,0.094380125,0.007898467,0.0449838
-0.036445595,-0.0022478423,-0.08863127,-0.059867967,-0.028931445,-0.02250642,0.077805825
0.15933394,-0.10372502,0.0006531267,0.03535589,0.0856483,0.091955654,0.024138335
0.14079094,0.007927893,-0.026568485,-0.047919203,0.15817045,0.17384085,-0.07243493
0.15546563,-0.008462359,0.0039846078,-0.18173918,0.0029273492,0.005760284,0.05161189
0.026796343,0.02808143,0.040854983,0.07094255,0.05583004,0.03569607,0.048456326
0.18201809,-0.06306769,-0.01520776,-0.051281087,-0.0023898373,-0.060413957,-0.0028476187
0.05421546,0.007459254,0.023596115,0.0651467,0.1312702,-0.017201204,0.025248544
-0.09598983,0.015204745,-0.012936181,0.08068366,-0.047092564,-0.26025495,0.06159695
0.017599436,0.008307107,0.023986138,0.09600293,0.035682924,0.011050941,0.05094478
-0.0048483238,0.021381745,0.037240755,-0.05803467,1.3505446,-0.06546109,0.060059145
0.03921893,-0.024636991,0.034132116,0.22838989,-0.039956316,0.02034538,0.095557176
0.14636575,-0.15970881,0.02712397,-0.11582079,0.76361823,0.106201954,0.123451374
-0.08554198,-0.12191917,0.0048037367,0.24615408,-0.0699789,0.12874499,0.01412718
0.2596074,0.069376335,0.0024242164,-0.18237367,0.055220686,0.18923335,0.012943174
-0.041108463,-0.028901309,0.025874874,0.10304864,-0.005125295,-0.18827139,-0.036802106
-0.031534385,-0.0104565425,-0.110874794,0.18304378,-0.19682811,-0.110099375,-0.042891517
0.05434073,0.041943897,3.2641263e-05,0.027955111,-0.7028948,0.004966275,-0.096255355
0.02191469,-0.06404717,-0.060320165,0.09467715,-0.022194397,-0.0447814,-0.040951654
0.11407737,-0.014365558,0.0033517506,0.18020725,0.052947253,0.024216993,0.0063017816
0.18966052,-0.07664049,0.041727517,0.14494039,0.20746318,-0.010859309,0.106392205
0.30493566,-0.03403272,0.095870644,-0.31470907,1.2432139,-0.021553855,-0.0051873033
-0.033702414,0.18542111,-0.050992277,-0.09424099,0.2675552,0.13424152,-0.04810466
-0.06826027,0.09678524,0.03469053,0.026054494,0.35417745,0.17636834,0.0884833
0.024243832,-0.04432304,0.04850307,0.16121069,-1.1012362,-0.059775855,-0.072956085
0.12616171,-0.14194839,0.01981776,0.08182721,0.3092857,-0.0066348594,0.068398535
-0.007704649,-0.048469476,-0.009529241,-0.10543537,0.38496318,-0.08587051,0.23960887
-0.0037409866,-0.043592777,0.26395863,-0.266264,1.1748302,-0.15174726,0.14846468
0.01781889,-0.09793091,-0.09470045,0.16082396,-1.2535683,0.027765106,-0.14813863
0.049815837,-0.014251486,0.012042512,0.04990793,0.104653314,-0.029729234,0.035559643
-0.08148744,0.0037672878,0.08996278,0.011113471,0.6898414,0.1218506,0.1143143
-0.13669878,-0.059434343,-0.021757824,0.13580376,-0.0031248217,-0.10675242,0.008804256
0.036525708,-0.016096018,-0.10779331,0.017465232,-0.4453744,0.024977418,-0.027732573
-0.086549416,0.033361133,-0.18215103,0.011102586,-0.9313084,-0.09334173,0.08553306
0.123958774,-0.11923424,0.038646083,0.17479552,0.085925795,0.0076374663,0.124081634
-0.013232034,0.06435077,0.0057738745,-0.053099267,-0.15085816,0.02106819,-0.1372681
0.03271931,-0.3140446,-0.19977136,0.088506564,-0.0032391173,0.0037961823,-0.034635387
0.011335119,-0.03401099,-0.035777736,0.11267705,0.024676207,0.03569201,0.14981134
-0.035804164,0.07495739,0.22844523,-0.17637347,1.3465676,-0.26825634,0.27484423
0.12879588,0.07198137,0.07337969,-0.15510617,0.9638459,0.06385417,-0.04387944
0.06570933,0.035120368,0.015684213,0.1240447,0.116873614,-0.016433267,0.0137715675
0.057719607,-0.20104407,0.014642805,0.07391581,1.0636481,0.14684522,0.17583533
-0.031389493,-0.021784808,-0.051643193,0.15772983,-0.1111529,-0.15018868,-0.02728353
0.016622314,-0.14582947,-0.07312718,0.076840624,-0.09942029,-0.0573739,-0.14529556
-0.07342139,0.17924318,-0.013819978,-0.017028792,-0.14036399,-0.1910156,0.000114899805
-0.164362,0.22760636,-0.018455237,-0.26274788,-0.20242728,-0.12696917,-0.02621955
0.03822145,-0.020389266,-0.022436162,0.10210692,0.037614737,0.011100698,0.043943755
-0.07934247,-0.007892941,-0.003787768,0.10126704,-0.008060144,-0.25169253,0.093514495
-0.20089954,0.021222979,0.015330731,0.17442179,-0.116727725,-0.21739519,0.15821932
0.1928432,-0.19293416,-0.16441372,0.04753111,-0.018574657,-0.0074539287,-0.08703868
-0.029503303,-0.088462144,0.041676067,-0.22663052,0.11506836,-0.019440047,-0.24539728
0.06559525,0.16036955,0.10666399,-0.11325497,0.048360515,0.06211025,0.009349369
0.05670037,0.0044271597,0.009562484,0.067924485,0.090791695,-0.03289739,0.0590413
-0.13205557,-0.052612428,0.022264425,0.1090561,-0.014134632,-0.20917633,-0.012738603
0.037980374,-0.023632895,-0.039890558,0.03937638,0.11334138,-0.0188333,0.09353666
0.041431203,0.06467036,0.06830527,0.07369103,1.192217,-0.016349057,-0.06303592
0.070530094,0.25734028,-0.055348165,-0.20983796,0.11328736,-0.04571439,-0.026890226
-0.19969255,0.023152536,0.010649727,0.0760456,-0.018525798,-0.09699097,0.023078922
-0.025643656,0.0075579737,-0.02130225,-0.10107646,-0.0014244146,-0.14999607,0.04876447
0.06251174,0.034469083,-0.0037861583,-0.11883201,0.42865002,0.03302535,0.1920278
0.07699151,-0.12461056,0.050392963,0.23889937,-0.9946538,-0.20457144,-0.0052994
0.07687845,-0.07951661,0.09049393,0.11487953,0.31243712,0.10078639,0.008835233
0.032074545,-0.0063022804,0.00090669934,0.047736358,0.06263302,0.02845661,0.06552527
0.009424539,0.010121447,0.08045541,0.31486335,0.038461685,0.004350742,-0.01231834
0.028248277,0.024769614,0.04071832,0.11640808,0.027209736,0.056621216,0.058260713
0.11705815,-0.1968751,-0.07059928,0.12953511,-0.065864205,-0.09748584,-0.10185973
0.12582283,0.025465675,0.09414386,0.18753931,0.6363559,-0.0125153,0.015889999
-0.1616414,0.12385783,0.0028257826,0.021088725,-0.14117394,-0.12269295,0.048979502
0.009411204,0.03284852,-0.005608569,0.026189208,0.06953484,0.035539385,0.020961253
0.16029428,-0.27486384,-0.3340743,0.34694508,-0.98626727,-0.06705895,-0.019433564
-0.26614785,0.07954105,-0.0017042031,0.20236278,-0.11096998,-0.010511046,-0.02864735
-0.025732191,0.034768734,0.3123169,-0.016193325,0.9928446,-0.25342056,0.096333645
-0.04611335,-0.09259032,0.083962716,-0.048123963,1.1176668,0.041902687,0.08716067
0.33316454,-0.22076596,-0.07861712,0.16745381,-0.16161275,-0.16510259,-0.13020468
0.13605705,-0.04238892,0.021946937,0.15025,0.08021638,0.06523039,0.067041524
-0.12574226,-0.3992229,0.0038257882,0.51885974,-0.109563164,0.24267289,0.3032414
0.044300742,0.06403909,-0.05457076,-0.03602129,0.13922338,-0.092445925,-0.010521582
0.0647443,-0.049105734,0.037015278,0.14941847,0.0693455,0.02318827,0.03306254
0.13975683,-0.10842481,-0.16099066,-0.06486162,-0.22995235,0.101630054,-0.15164103
0.019664282,-0.007992891,0.0029024247,0.021284075,0.081382394,0.0217641,0.05528304
0.019599015,0.016387448,-0.00030746075,-0.0051412387,-0.0045086867,-0.0025077153,0.007264107
0.103391826,-0.008178731,-0.07115252,0.36655664,-0.15240636,0.24408461,0.10823666
0.037815247,0.02827847,0.027077494,0.0032872737,0.1569246,-0.0053853737,0.004972662
0.014150398,0.00917234,0.036394432,0.026804,0.27692765,-0.09088849,0.15327418
-0.015317747,-0.093601525,0.04429538,0.53871036,-0.3651926,0.33932254,0.15124464
0.12630844,-0.047882058,0.07241617,0.2436382,0.72419304,0.064769074,0.07819074
0.111469716,-0.28786826,-0.274911,0.077183776,-0.0064612282,0.01489252,-0.05708003
0.056279145,0.00096254813,-0.22719075,-0.030669345,-0.15551373,0.028224597,-0.124392554
-0.15270473,0.07785963,-0.0014436689,-0.058972828,-0.059396826,-0.09976481,0.016794385
0.04364214,-0.005085027,-0.05463572,-0.15731446,1.1342432,0.0755347,-0.008581643
0.28077906,-0.035782967,0.1041768,-0.18962619,0.98338515,0.056281347,-0.0010421157
0.15727523,-0.031628877,0.08136874,0.14469635,0.27901915,-0.10001439,3.1041647e-05
0.23438646,-0.35909808,0.05827037,0.09981838,-0.01044931,-0.11183726,-0.0651727
0.079424344,-0.060599722,0.13649115,-0.12749627,0.6352145,-0.076782145,0.12266327
-0.36442122,-0.06758816,0.058570303,0.16344227,0.024519244,0.15281637,0.016466716
-0.23271984,-0.21110041,0.0003085702,0.46178,-0.12181547,0.19945194,0.33756682
0.0040497296,-0.017472034,-1.0506837e-05,0.0068113836,0.09607156,-0.010998972,0.078694955
0.051071636,-0.00044623113,-0.005438703,-0.0023631898,-0.015756248,-0.009234874,0.0021104387
-0.09648798,-0.081883326,0.0044902684,0.059241157,-0.11490484,-0.111746565,0.04242421
0.016825804,-0.041070182,-0.02107377,0.038962077,0.06448883,-0.010665681,0.10341305
-0.16920792,0.06706474,0.019587258,0.039893743,-0.28796628,-0.16533564,0.008796619
-0.0629959,-0.19538914,-0.08045772,0.11055114,-0.015172786,-0.027700223,-0.008595964
0.2280588,-0.21522675,-0.5476043,0.069941096,-1.0427291,0.21466297,-0.12857367
0.13699295,-0.019310176,0.02318623,-0.07357862,0.32136166,-0.03454056,0.035987727
0.07481387,-0.0140016,0.010886453,0.041024804,0.16477732,-0.013795247,0.07102901
0.23552008,0.04286377,0.092279375,-0.42937633,1.2478101,0.0048474,-0.040567532
0.018342888,0.0514124,0.04487254,0.1675532,0.08922697,0.035090227,0.04913913
0.06295576,-0.02964056,-0.042661585,0.110056296,0.104733065,0.08443231,0.14429876
0.17338902,-0.15613732,0.059060626,0.110723555,0.2768,-0.030013796,0.08650998
0.063151725,-0.020787075,0.031452775,0.0967386,0.12538019,-0.02048508,0.05543341
0.23082371,0.010231117,-0.0015900494,-0.109837174,0.03001389,0.17572105,-0.22709402
