G,A,C,D,R
0.7171901720958372,0.05198410397936559,0.11287376182307171,0.07681231986824913,0.0
0.5265000180501713,0.1354965750540552,0.1842679932605154,0.25325724322608206,0.0
0.04698878168920373,0.07678915751944454,0.20153849245788555,0.4738905814370779,0.0
0.9181372910570015,0.38399627850291285,0.035409520833916526,0.08637428308831543,0.0
0.7370941280675731,0.08288509728153887,0.05638775909498117,0.09435387473850709,0.0
0.17456937343468917,0.33237655729140203,0.10280459532059437,0.07418250520842332,0.0
0.5873748841931584,0.2436920863272597,0.03747340019123668,0.030775905352199318,1.0
0.4130783043561584,0.10422933196956918,0.08236044419153335,0.29426114760648653,0.0
0.48726958247060426,0.3201759647519623,0.024781495675805745,0.03567680909304154,0.0
0.3559174553708956,0.30758931603200046,0.21541730518222227,0.21700356988341757,1.0
0.06065071570209109,0.30004675608956166,0.21466540587297922,0.29118811450993803,0.0
0.008308807207338332,0.141869055004813,0.21396527429423132,0.301641792293632,0.0
0.014049456880800431,0.4638818720671163,0.08553004766831351,0.11975740101718854,0.0
0.33534019495324785,0.2584125936377929,0.026260429438472593,0.12363397283702388,1.0
0.052484941577621624,0.19933150902192087,0.15512632062663245,0.299253615548421,0.0
0.4442135873705541,0.1572846593112489,0.23802316438070995,0.6061811105261823,0.0
0.6775594317140706,0.8511571817017494,0.029705279383907983,0.08425323003716886,0.0
0.12582097711482987,0.46861655345317943,0.004868791624956606,0.12296339740142406,0.0
0.012845825156407347,0.029484538911867253,0.047165114381245286,0.12869143059738164,0.0
0.07926971667467471,0.017129256766020895,0.05848584263485125,0.08416350081553625,0.0
0.28977135591771935,0.414424648994939,0.21473488493381535,0.2142705580875247,1.0
0.19388391122279805,0.33194719551976437,0.18077583933005245,0.4769863756539174,0.0
0.34659291967720257,0.5638646724601943,0.0708284440933895,0.1609176653937467,0.0
0.9742991463543551,0.2481576031821684,0.12535277586027582,0.3346869320915278,0.0
0.3243189519339912,0.12167690078047216,0.05546628164113515,0.298642684414981,0.0
0.9074451631144487,0.043555739429710916,0.1755935724776293,0.390550436853761,1.0
0.1614725952246309,0.6815109150401768,0.7740922623417823,0.47584650091573427,1.0
0.6596639952115977,0.6381236689865785,0.18257715955992412,0.1643956762181384,0.0
0.1273907750274346,0.2830118232549541,0.2043995872278697,0.5542805987225903,1.0
0.6739415730997198,0.09997173210465982,0.02066609710062417,0.12191500728983204,1.0
0.0670589040517499,0.47192918007857465,0.11297468542795025,0.2983389087989838,1.0
0.8017911203142598,0.21341159862789727,0.09391518870110889,0.03343449140715685,0.0
0.09739622379708673,0.13121154276617586,0.17406987565153836,0.24757698995410138,1.0
0.4686226569366881,0.6084056667807864,0.15555522778625824,0.11659774099679684,0.0
0.012807155156293253,0.1567191875420071,0.7580690631699648,0.8269264044649574,1.0
0.113476981770191,0.06605406864718144,0.12169339316886957,0.21663635342711463,1.0
0.2759939975454525,0.1279065026198225,0.1340857984095083,0.1643102898279529,0.0
0.40367613887576614,0.29617318088416,0.09183196865812383,0.07377327136611453,0.0
0.3747004020873073,0.8169648519148436,0.11742936143737207,0.29471102469400495,0.0
0.4867207166620513,0.1594889186706565,0.03792491259269375,0.12565056929560084,1.0
0.06191599368190757,0.27964921822053657,0.17862864722504818,0.3802237925371825,0.0
0.3581361510159407,0.16007986383582096,0.3273538471312305,0.12022917626308677,1.0
0.29075189006247965,0.2619054886437123,0.05477068739592132,0.20856519840936805,1.0
0.12758874075897902,0.2951573825963558,0.1331777017407752,0.29919815993794746,0.0
0.9118362338483472,0.07559500493589716,0.06061431229778355,0.029125877956656124,0.0
0.8647270535312005,0.11419129268109224,0.3037974498480585,0.3877887364954192,0.0
0.3423708089020174,0.2023429775037099,0.24247730685852523,0.16073685057327056,0.0
0.6560618473855434,0.3223521585739523,0.056368021308656965,0.11816854759734355,1.0
0.38089342179058955,0.16507420452168609,0.05494515328238181,0.2934350837217668,0.0
0.9743879016397685,0.06994803333687416,0.6223339841490773,0.29387810593208474,1.0
0.871142406543841,0.12270227136180767,0.06170431864421079,0.30349357387747367,1.0
0.3329615451227663,0.1876463044293799,0.0653153748412657,0.07174614515119904,1.0
0.11357916681249261,0.09785758260290889,0.1042484600070574,0.4694666306492194,1.0
0.9272771905514536,0.13810427946445653,0.019745547808349577,0.11975055921838842,1.0
0.10524684081174805,0.7905743573962478,0.07733066399811665,0.12466502873071902,0.0
0.9677672135947185,0.10308626868722376,0.3973663859052863,0.11662058406087694,0.0
0.7232429601916851,0.02710874457193363,0.09846024303459552,0.20505070689201998,1.0
0.1213618725076819,0.21216812085744952,0.11458720165389363,0.37828323997716246,0.0
0.44871934310549777,0.5597154444926711,0.3976198671091597,0.6507112578031518,0.0
0.40736173882641413,0.21860276651444088,0.17213333779718493,0.2125063237800407,0.0
0.33014496383315134,0.26103632552341316,0.15289985630626182,0.1690576353786234,0.0
0.023052418567825174,0.7897303673832554,0.029230010568583903,0.09101800591745096,0.0
0.08717900057418607,0.3109939973938124,0.20109986969638777,0.10758159021821981,0.0
0.7324280387720307,0.2966842898688141,0.17589653408037206,0.1217227904142722,0.0
0.9001805275646222,0.06617286635253122,0.0554854895966459,0.11602220364745686,0.0
0.5299985490276345,0.11272878195980535,0.11426654179489898,0.16999058692285995,1.0
0.027050910384973384,0.1490583302842164,0.4900854756608692,0.8167927858372657,0.0
0.7092421297059779,0.2587984319617571,0.04356415513035346,0.21078903197133886,1.0
0.3601552021926858,0.3021736681366505,0.20500760458083545,0.2582964024807094,0.0
0.36839797125088725,0.23655161473602093,0.11418537108991636,0.3039028713064894,0.0
0.47125070863847457,0.2881247667257212,0.0242465511133598,0.11938132346076435,1.0
0.4899714043737206,0.12808886853085832,0.21787985603318305,0.4793544965802253,1.0
0.2622718905124535,0.18650143863776747,0.6095809202717419,0.2978075349577641,1.0
0.18270365573333328,0.15779684103248004,0.20743771729141314,0.29632410891086985,0.0
0.29252983011770656,0.7613389649179128,0.15454268100011145,0.12027320855437967,0.0
0.8126199247044843,0.07153000889434791,0.04103922749523849,0.11627863374513331,0.0
0.356751259900525,0.40133656015402286,0.10266007077093081,0.04237861734195589,0.0
0.15129163001611198,0.5636161825480175,0.05423143423963876,0.031131339490709495,0.0
0.4630768285791188,0.2396539189377902,0.14295659361919766,0.08699793741437287,0.0
0.2910319294608806,0.08642479120316471,0.7871153953417658,0.03303491301257121,1.0
0.06134238784505729,0.25626920142130505,0.08809054523101238,0.30503327579155826,0.0
0.5187927220884267,0.15866586313218844,0.03854685655776111,0.11782894320781317,1.0
0.39289634096724124,0.3083984935167149,0.0349079991711594,0.21550468445263987,1.0
0.6839624614073936,0.22289349197629504,0.5126105154223995,0.4736450422096365,0.0
0.21379679290086642,0.6080151923346194,0.037738113591972655,0.08369040560800983,0.0
0.7906800478856186,0.8126566296676945,0.061315132226146374,0.09095568634352277,0.0
0.1823902228892083,0.29792674998744373,0.2272503579497883,0.21125163580147405,0.0
0.07533185345261229,0.13142729924333585,0.43902372300617104,0.47039976603919914,1.0
0.9651315799385598,0.6502357896467281,0.12807710793036983,0.1166277594448557,0.0
0.01985571590175512,0.5446421212837377,0.05565583315398423,0.12400085769814162,0.0
0.9248896421903205,0.5677678087908553,0.043862508517999554,0.037114825551937125,0.0
0.573779502539469,0.15376026697324835,0.09209014774525937,0.21321699401340105,1.0
0.2856359086716106,0.16667480111304134,0.13255874098393758,0.21216452561261762,0.0
0.07802482790599949,0.2902417467563564,0.12796192526207092,0.04637256506555115,0.0
0.6332219691997976,0.08621551448147913,0.3289748185740093,0.4781081272356295,1.0
0.12247032151622102,0.15979017871272683,0.17017490281652192,0.16080576057356857,0.0
0.44974133064988264,0.2304222546157627,0.06382431969891096,0.12315115278004521,0.0
0.49400899300404244,0.21308957065624878,0.13893904325704987,0.214690600463408,1.0
0.46803022613894985,0.018502654136884344,0.18526582289191848,0.2922214096306451,0.0
0.5546077753108162,0.8776548531973278,0.05221901719856478,0.08583550937259582,0.0
0.6254562348892435,0.10236194024105616,0.22130905716427954,0.24025294383950418,0.0
0.3738232831026313,0.11158007164589573,0.10376603189606677,0.07672099676223099,0.0
0.37004319347828074,0.4310781486003503,0.1306882422377356,0.17541908155693414,1.0
0.4260157802378527,0.8582694722368376,0.028364908370279225,0.12956149946734322,1.0
0.04382210606360846,0.39122311101821716,0.07412905785883615,0.0991864114664347,0.0
0.33093859779372065,0.04431061869415609,0.05714379383271945,0.12786995664462214,0.0
0.2749650820792039,0.09605142379722026,0.1932829542052194,0.2575020374927157,0.0
0.10981983034745478,0.632797770011697,0.11030474118879682,0.29751645387985776,0.0
0.5365348201349291,0.7591500761120356,0.09693715327929886,0.11886947567616277,0.0
0.4767280151329974,0.17574075973353642,0.2156143063706387,0.2950318491972778,0.0
0.2927585200343664,0.4156571826600459,0.3322251821824091,0.8212607420292326,1.0
0.6590816308605401,0.08990938241530888,0.03754045722392559,0.03209148408264283,0.0
0.9349760490937487,0.18077757249490756,0.0639175721482758,0.12086852687774144,0.0
0.7910840333636442,0.11707460018524696,0.13102390264494673,0.172518604565001,0.0
0.5332191378994436,0.368179461482644,0.03750833411669539,0.028073256577088992,0.0
0.7627127460953973,0.007184301078524136,0.04031115306098318,0.12447251460147066,0.0
0.28806949762151074,0.052213153680184476,0.04163053932379819,0.12233623248749545,0.0
0.6691007756086339,0.28713960397982696,0.5762046736544053,0.6322618673704248,0.0
0.5516186346747545,0.40349026517418574,0.19906313074837667,0.29508761021505514,0.0
0.05150412871875566,0.05493998408691442,0.06955198982042683,0.16346740127460213,0.0
0.2739088326366945,0.22890589965350416,0.09427939597080898,0.1234341032621904,0.0
0.16671998959667939,0.255192168592432,0.11603364488833195,0.29972282595149025,1.0
0.057213622369574176,0.3092164687856367,0.11481283978419388,0.4721337404997657,0.0
0.18338026491503082,0.2876860549332809,0.13632892903321542,0.1729676959749091,0.0
0.13920463843914035,0.3463202036822288,0.0065135020221621775,0.03281316604160975,0.0
0.6496084229450906,0.0707176068472371,0.221776971003663,0.4253491316219628,1.0
0.18752293771912557,0.5695628115970987,0.10954824340262673,0.2611806233466477,0.0
0.6896018641481549,0.4284197162932776,0.008720765987643304,0.12723198488616091,0.0
0.4301527160807437,0.420403401871567,0.06032675418670799,0.03445146279498473,0.0
0.6397849299457252,0.10036486516537663,0.3938555707526362,0.8167424700970707,1.0
0.19821434715841907,0.3157861232738095,0.08093183233916022,0.17010872711566266,0.0
0.34057617818931213,0.5531631741991427,0.14932816278199776,0.2937579391442357,0.0
0.4976624536103879,0.11881203232893456,0.43040728770268816,0.3917656854291253,0.0
0.7210376542358817,0.6048369457776549,0.1036184258525462,0.12972000038270673,0.0
0.7515150572821995,0.1378028856748475,0.08063082710188263,0.3862044877118389,0.0
0.3731520133859106,0.3170652361507825,0.032782068846394466,0.042645005298866126,0.0
0.46908771348509987,0.3165622058110311,0.20862458741078402,0.56140435977002,0.0
0.8976897469819245,0.08066207372405393,0.11862024807793303,0.39280812157956285,1.0
0.25132662606179673,0.4209539297041348,0.07117333008771456,0.0011067919829266387,0.0
0.37824150775320353,0.39719706157174417,0.025808692561476464,0.12848036373149097,1.0
0.22835738799028651,0.32440475394384805,0.04973618127402195,0.08212939856503834,0.0
0.4982646969571063,0.4115362097072891,0.17583257637078795,0.47206951657266544,1.0
0.4841440043767198,0.14356306170609462,0.06445946363019082,0.08608258460470958,1.0
0.07454762324624968,0.35891599428596777,0.34159870932543007,0.21506347037245405,1.0
0.7582930057959281,0.07457955692639379,0.0717224005415796,0.2936091069627011,0.0
0.6747030429101197,0.18658059663408066,0.17879380811335213,0.12592870374936388,1.0
0.6139294982897534,0.06451148963278902,0.18709999491218104,0.21461386938212346,0.0
0.4422074987160682,0.19426680787412132,0.1308931526418538,0.24140936290275633,0.0
0.3321866466173843,0.2043104616672431,0.08198844249686929,0.03754486164059226,0.0
0.8177778818456668,0.0793254190789282,0.06866216677646814,0.11654745930384186,0.0
0.7438537060187592,0.08069519055108704,0.010892789237914641,0.03211761767492792,1.0
0.5971879027495455,0.11583126568917818,0.17934311389819388,0.2044839277238446,0.0
0.5976573414905735,0.061736575627551915,0.010069840985822377,0.20824942838674987,1.0
0.18874260385199015,0.2922365881516976,0.06381613845272648,0.14744678987760587,0.0
0.023411113475622185,0.5066132317810963,0.1522518164885834,0.3838639373702791,0.0
0.4651602624620902,0.7402924503797417,0.34211530827721653,0.24306228328244533,0.0
0.42499191182817075,0.3146970604889189,0.3696023851003311,0.29080723624766386,0.0
0.4573598254929265,0.42611354918642075,0.1198037683523826,0.2074788796264404,0.0
0.922244421856025,0.25868167308016377,0.04850013038640845,0.20535864733353504,1.0
0.48851774694467787,0.3778393828117722,0.24062249830934154,0.16285221277427633,1.0
0.2279477615873514,0.5962563810128905,0.025703331096753573,0.1293673466031526,0.0
0.872058230984369,0.08867515182152513,0.10309933202922636,0.20390432003626485,1.0
0.6101284573507961,0.07907762293958992,0.032495140671072266,0.12570308040638814,0.0
0.4399839212618065,0.25213006007775407,0.10924025837055204,0.23245701230156585,1.0
0.0938323393461746,0.09143709548812085,0.085301336103579,0.21328711333463302,0.0
0.3819808079003566,0.26102570720656737,0.2696174301198137,0.2980264206097781,0.0
0.11132697390785007,0.3202973599762904,0.08927339147015152,0.041074573506713966,0.0
0.18975595806181927,0.2742938326674218,0.14638755200887757,0.30193808512799447,0.0
0.8262279668794779,0.26993287553414425,0.06882151634406257,0.07551961389565404,1.0
0.3426180646760264,0.03132252968732108,0.15110921818948927,0.30275700195399063,1.0
0.14942120452485416,0.29267660494140835,0.17255369182532412,0.12264652707814078,1.0
0.018367097656360333,0.11710514932200927,0.1571054552954352,0.30418897279376556,0.0
0.329714850332653,0.322118831162193,0.5487045984949553,0.645965525564071,0.0
0.5416608717261463,0.15565140135870936,0.005136556463986105,0.030516084768312843,0.0
0.06723921012826208,0.34045037967131553,0.5707863924807157,0.3877787685547782,0.0
0.007090493106723544,0.3744274522669775,0.12502215541370798,0.3857075428234422,0.0
0.15974723341996802,0.017542667989680294,0.02331777757856212,0.11800562014067217,1.0
0.8626956035172886,0.6868178366726394,0.049756059389248306,0.11246215126996725,0.0
0.4516243796512712,0.13948461817103192,0.10010379906384932,0.09216280797859697,0.0
0.5752334972355402,0.6848067819785724,0.1855602772904613,0.3849310150554184,0.0
0.6944888201611479,0.25697582260327334,0.06736963232123468,0.12986213009273798,0.0
0.18683293930024542,0.21566278767338287,0.15701773046474657,0.21195948172681256,0.0
0.688333321280322,0.7137052638167523,0.32426213953261906,0.6506843616648874,1.0
0.02710758795089461,0.5869260260037447,0.24875222025899943,0.10655587399531666,0.0
0.7141317370291609,0.12444291138954716,0.2852092341548472,0.29484515919677895,0.0
0.12186115667037276,0.4015469991334596,0.1601007674359534,0.24768902966025397,0.0
0.4406941196205976,0.07397091880847817,0.034759707820439203,0.1389251626791073,0.0
0.6401106011369088,0.4903745711138431,0.08774481664537699,0.1669498726641325,0.0
0.5810228419085245,0.09449473554193127,0.2509761314723551,0.38337489490363336,0.0
0.2751481694510432,0.597704951588537,0.004813639586274019,0.03718989614535577,0.0
0.8924386944862408,0.3552561126918936,0.05444878472007096,0.12308912664789198,0.0
0.8581514927389231,0.04874583296463203,0.048214680807854474,0.20567368159660648,0.0
0.17854616072726393,0.2915701364409363,0.1339283564350288,0.2962495100561553,0.0
0.592667717691656,0.6213743472341882,0.02998536064037425,0.12411803625282991,1.0
0.09643946188612207,0.4289001671792184,0.1280624115721662,0.12251432714407742,0.0
0.08093326505164183,0.16578835490100707,0.05904676577630005,0.028301804840320688,0.0
0.2585544729742256,0.07317749182724986,0.022585512983908484,0.03005256363125916,0.0
0.2711610154464265,0.5169459883327704,0.05277704896968245,0.0398687334616101,1.0
0.3440767515706222,0.5277646330304316,0.10956366867785551,0.09183105519647097,0.0
0.24393207861358882,0.8010156541041218,0.40419078416559695,0.3915541488563957,0.0
0.3461915923924719,0.11983211855611509,0.02391391676023811,0.12067203156998596,1.0
0.3619851852297075,0.2501269470724461,0.0994868215374557,0.2924086011266597,0.0
0.046242363230253596,0.16985922234940032,0.06399161513622358,0.29205601366457484,0.0
0.1405431959618352,0.48240597527517104,0.18032180506068776,0.12102286507083623,0.0
0.17645488572919074,0.49942122233013087,0.12248291199013564,0.2558295940913942,0.0
0.15423172433323232,0.49385991560240483,0.20256386436598445,0.6440687996121028,1.0
0.36493244434335587,0.1632411555465323,0.11191042310604277,0.2984016676163458,0.0
0.05560299966592501,0.14900056037011522,0.044159076037277874,0.16586805243121774,0.0
0.46504223314766635,0.5003871050615061,0.053550993624417564,0.11590880783271762,1.0
0.5083395927343967,0.20327435171990527,0.4110792212875791,0.3018797562896192,0.0
0.05325175340801779,0.34546505770558844,0.31388138330190507,0.386886773251415,0.0
0.3539809218499451,0.07757340891471615,0.21241016242360536,0.29954750851688916,1.0
0.5838842081127659,0.1718814682017079,0.18761419058962867,0.3005470890387843,0.0
0.5806201580648475,0.18822353531858504,0.01477090297594876,0.029669640823968946,0.0
0.17943027240892973,0.314213753598657,0.1160962309039146,0.1668990744359493,0.0
0.9911429690977641,0.7234250976957635,0.26382262645455495,0.16937745787356143,0.0
0.8339006230889152,0.6519889311614114,0.06456974321538128,0.12574926658807067,0.0
0.2743396942545265,0.26836035348263254,0.09067454941924444,0.028340941500647934,0.0
0.5067458118198671,0.2707788970186169,0.08762112587368712,0.4681429633651099,1.0
0.42680556103026496,0.19581514393207666,0.23137944015577921,0.47843453270855735,1.0
0.4280242971833837,0.22346950557057543,0.0610493125157934,0.16847327434118703,0.0
0.995729141165502,0.10946404035945101,0.056827846542446186,0.2652374718471784,0.0
0.024818528497564146,0.20888649819890626,0.08655155573839866,0.29267690828902426,1.0
0.16397003342411365,0.44398003236367367,0.8587587501189076,0.47474015715147827,0.0
0.26318634175428607,0.7596623518960453,0.055315234046122555,0.11949136695851753,0.0
0.5340910091508435,0.26826921933317616,0.06841338439382107,0.1219667439898951,0.0
0.11759170143586059,0.4776741141279177,0.05775574235103162,0.1604595324484362,0.0
0.0518247542007677,0.66603816586488,0.2501162816193117,0.5570054124384201,0.0
0.20897587387568073,0.19467416439048735,0.1819236219357183,0.16697928216630853,0.0
0.25306998316149937,0.3578115919261804,0.10299351846864795,0.12189641686788796,0.0
0.5161786696251011,0.5755342006167359,0.023766047562982208,0.12886508087481754,0.0
0.4773597928903535,0.0712513738468184,0.12489184382590768,0.34671551137186757,1.0
0.2708453949147138,0.11529023138219863,0.04118998698315857,0.29572242433946416,0.0
0.3932025930037121,0.15499302494329226,0.0603464948634503,0.10088557556528585,0.0
0.49792446456430617,0.12239458080242022,0.03991586136282579,0.16469129437544386,0.0
0.06813151817516507,0.4224550994121702,0.288513632919451,0.47039259746244694,0.0
0.2540117323305241,0.26239051716249606,0.23051638973467106,0.2100480131877287,0.0
0.490977205941495,0.1920600008779988,0.05056169498543757,0.21659281611117476,0.0
0.5780628307306984,0.4527557299358642,0.028077976244093188,0.0695149719004245,0.0
0.3586685550924771,0.1708235151839902,0.5033472139436538,0.4769175142062391,1.0
0.29977253940770876,0.1285198486749612,0.22132124831998637,0.39113964557069764,0.0
0.2522391206620612,0.14160879089417572,0.13004117796738263,0.4758075373340212,0.0
0.44276194064755836,0.24077517666117165,0.19880671082173043,0.2999578592351197,0.0
0.006721551131738256,0.13571177213482744,0.05234604236659825,0.29401116080199197,0.0
0.02316627172011046,0.7678428848690433,0.06941499318393118,0.16485881127398408,1.0
0.4332372309801092,0.2772799094570927,0.05980694320992566,0.08564655321497822,1.0
0.13264109959903297,0.08842185819295406,0.32665150579339375,0.38820804113695684,0.0
0.5275976510226331,0.5363034874893223,0.22563569744239076,0.3012257830040925,0.0
0.0958113046098681,0.725149994979911,0.06131894136666474,0.08040109592760988,0.0
0.204615371902309,0.3421043854976632,0.35388063900227307,0.6513844354679179,0.0
0.5145327895063859,0.48189149796476816,0.19726702635518348,0.4763520076167151,0.0
0.4068196601100321,0.5420144578572484,0.1145279237294578,0.1259792194478306,0.0
0.0120077596288603,0.20953886251842002,0.09973009032452301,0.03162556188759211,0.0
0.8918587169490194,0.032143012567752205,0.05676899016856789,0.1216119640230422,1.0
0.41423581447750685,0.15564158951544227,0.31630275724667395,0.5341758524271811,1.0
0.04864167874960066,0.2562720362785177,0.33853967608023333,0.2923271769857809,0.0
0.14428349955907308,0.667860186438836,0.020225934885905586,0.119411298546795,0.0
0.2632178878056003,0.2330458429328175,0.02478875305098733,0.12172770679871187,0.0
0.38626186450418787,0.827697410509338,0.1292914938772369,0.2088841105134614,1.0
0.12918483186265678,0.45531171225193645,0.5434489540440014,0.6519405642644658,1.0
0.010213196476066055,0.18153632315573165,0.1022413831649472,0.033741460451296404,0.0
0.08072526564767869,0.16743669090818591,0.10411958257730784,0.10601684963046382,0.0
0.7214215843940408,0.48656523076196045,0.11009125729966536,0.12406518203129835,0.0
0.5876704114558902,0.2300520381938541,0.08177940538143713,0.11713407036627563,0.0
0.736430836457418,0.12047795245838228,0.4300053329521323,0.46812573902508986,1.0
0.23247815236757444,0.27986494331609524,0.37133590817097883,0.6482529889609583,1.0
0.3228639971883371,0.16905221489438838,0.045028927665642836,0.036628689684977914,0.0
0.41642829240077966,0.37376271941897754,0.1731882499628192,0.05953375160780895,0.0
0.20926558505778242,0.47990272301599834,0.4588039714897977,0.5207411228255527,0.0
0.13249985560098487,0.320617754749553,0.03624967792164645,0.4712573971019725,0.0
0.5256136338226688,0.17839233819452116,0.04802240177383994,0.12418203380697007,1.0
0.1748237982339877,0.23580667267815902,0.02085025801929341,0.21333794962328373,0.0
0.13327324215619363,0.33239130690681373,0.11165623724024093,0.1269743826705799,0.0
0.7423824622420045,0.13333413683093698,0.5342954000501031,0.6422478032938257,1.0
0.8385445851278488,0.07367913981993313,0.05316084943301275,0.2039850176662043,1.0
0.28101080677711604,0.11512116152876045,0.16304594918324314,0.21107713612212253,0.0
0.14113168492546158,0.060598475598667156,0.0984527916797016,0.3038651840115654,1.0
0.23562734338912922,0.6862528548725413,0.055771742943480834,0.13004596455473744,0.0
0.0891020593355506,0.30726397274081607,0.05570270751015646,0.1654704569006838,0.0
0.2941416907655698,0.4421183210192222,0.20863537929258907,0.2963245342423933,0.0
0.43123363719851726,0.31239133425075105,0.13809115145916692,0.3029943270690273,0.0
0.6574304645881062,0.11719868538871597,0.08979414658509442,0.21602901703388766,1.0
0.3904829988492025,0.20564373277340442,0.14373557209393403,0.4695368562051249,0.0
0.9943997576091725,0.14760654678328528,0.10355662363506953,0.0990894596110494,0.0
0.047164192150898065,0.22864397593283503,0.037382729283219285,0.3004677392990603,0.0
0.9829676327431065,0.11548836082081959,0.13820625823651447,0.12241541813383197,1.0
0.46046202978173983,0.11019669049712355,0.10782130443052264,0.09820921040770053,1.0
0.5863931306613677,0.1141147621102101,0.087232536466995,0.2570875505307129,1.0
0.1538800359130383,0.8818705586185336,0.05086886877387636,0.17917849605780045,0.0
0.7630925294720573,0.8210976070765108,0.0276828940977654,0.039598106148676274,0.0
0.9042412032461871,0.09532924727545022,0.6239619482790514,0.6431133465860475,1.0
0.32774976738501205,0.5132486084278834,0.053220867868022576,0.2042979798635664,1.0
0.8210215351649051,0.21111397409951083,0.250095725271019,0.47745952369932115,0.0
0.14804485798098524,0.51857972299406,0.17452938315996133,0.21096221039792873,0.0
0.09926825917688703,0.08693482582684386,0.09792479252067535,0.0852585435879715,0.0
0.4183350598672605,0.3236184052187814,0.18241669562264873,0.1210436241141184,0.0
0.4964865740837937,0.14919338327348292,0.4621060623582194,0.2926773330079007,1.0
0.4942626355408989,0.18978700704579876,0.09083890938380448,0.30010858646727984,0.0
0.8131247085821158,0.14002116089732108,0.2217338951823233,0.38014902360562486,1.0
0.3948283010397942,0.14733251420327032,0.17420130417533708,0.3451276974582947,0.0
0.1444609198855372,0.058988041045043904,0.15640299082582776,0.300385921714735,1.0
0.8398634730045886,0.3263807382184607,0.06341330841373521,0.1164377217739648,0.0
0.23135296328717764,0.1450125475792255,0.06278621859088182,0.07918598346064118,0.0
0.4518917645530325,0.09384376664324001,0.0835270481969652,0.12351881321429825,0.0
0.3397789283569631,0.28982699922975463,0.07869391031273246,0.1212836859939031,0.0
0.466229831750624,0.1329801642788998,0.09268310645813613,0.12752480797901414,0.0
0.14433690448630998,0.5680180602816454,0.1940606835490971,0.2936972188175786,0.0
0.011786525126765816,0.2840762186451755,0.1191209803770826,0.044585488097880585,0.0
0.45438394860332626,0.4109854079347246,0.13544176055660714,0.47175989262333334,1.0
0.3377749311382402,0.12328709399461674,0.062311114423388964,0.303073014337601,0.0
0.06950152186054699,0.9895015306188897,0.05774252975726504,0.030551733602097883,0.0
0.4492627033168766,0.31480700139489803,0.6558534254081222,0.646805778533708,0.0
0.14995250771218835,0.18392200966938455,0.4833085289990956,0.4784726913661011,1.0
0.865468658339297,0.02084464694788385,0.09446518033677155,0.2921528248690703,0.0
0.17032768963152886,0.1594530569844257,0.09009610025611474,0.20912298502786147,0.0
0.2711043484250038,0.14050282595873181,0.06459816802365809,0.12036397302646518,0.0
0.2383443510736427,0.18152812129492468,0.06845035671597019,0.0,0.0
0.3489528359589828,0.14766528051177097,0.07743878051235543,0.12732361479980484,0.0
0.9781201916790595,0.18844469193211455,0.4131304745729202,0.2937309035566182,0.0
0.1243835367810407,0.15214516514511078,0.1980745544912244,0.203998308781081,0.0
0.44351117966411696,0.8559000187508456,0.06765629886885051,0.1232958550624306,0.0
0.6484653682271184,0.289663849403595,0.2791689501848671,0.1644909061891379,0.0
0.2953355360437783,0.3759746083344806,0.024814075317193554,0.12002750846997898,0.0
0.03672577321950895,0.5165606405593045,0.2670326283130646,0.30202461074043774,0.0
0.2774239602703412,0.3664170814813791,0.009685201544091753,0.03506446921491603,0.0
0.8442970674084697,0.09306993027848265,0.1396259671325235,0.160724590431801,0.0
0.3835018033743378,0.7406278988149055,0.0522325344587396,0.29956380107265596,1.0
0.06453966651223056,0.8604879726070793,0.09120277828586418,0.38543721623229643,1.0
0.684156752640231,0.07530370883982163,0.05224693811329588,0.1193153714488458,0.0
0.8653464313725848,0.31619051418760935,0.07273736750351503,0.2523068086222011,0.0
0.5260146441739078,0.2547236998038467,0.030102264684068424,0.12958303593643097,1.0
0.8869829366585382,0.06628274025307096,0.02699803935253487,0.12581653011889676,1.0
0.4047462004602147,0.2926654559225845,0.07148949545767504,0.07930467944955219,0.0
0.2035709402150881,0.23410609855767184,0.2390500402613943,0.21278298114334993,0.0
0.3092389914396905,0.10422352907680194,0.3471940415417597,0.6425816333155099,1.0
0.40020664026292185,0.10885813197100824,0.04887941543697469,0.07722553953248085,0.0
0.35094458988404564,0.5904298345505369,0.12419658370901132,0.0842011272903378,0.0
0.2677479213015835,0.27149980812350716,0.36315651431067014,0.16909196950591296,1.0
0.23397371659941646,0.6577173533131184,0.49704635867819585,0.5546598432110286,0.0
0.7758703910217618,0.2604715750441855,0.16203567974503535,0.08115128760367549,0.0
0.09672555899312271,0.610816023905586,0.11962042020984351,0.2933127551378757,0.0
0.1453705873046824,0.29363412335105155,0.11532806137434418,0.2943910209764291,0.0
0.6964926494680654,0.23168532180588142,1.0000000000000002,0.643108360891784,1.0
0.19283792838855696,0.14681274902711766,0.18167878527451733,0.2977983000849917,1.0
0.23717961056177356,0.43074503907073425,0.14575161942086534,0.20729202360169596,0.0
0.09559130246406147,0.3083203997826873,0.3745235710534166,0.23836377216826,0.0
0.4083842057976554,0.23929238758059002,0.24407008335656658,0.4685028617080588,0.0
0.4415258175945664,0.3506349745767683,0.41618021864645843,0.3017097111084839,0.0
0.1733439069461505,0.3503029173614707,0.16388792834224486,0.2069093020804697,0.0
0.19937781195327442,0.5270252678515088,0.05711478969351362,0.07689418705588363,0.0
0.9657859039126738,0.5176544751561456,0.06201570168365854,0.2923107781040705,0.0
0.8793836578769015,0.1657955037049803,0.06197830725521833,0.29406896954284056,0.0
0.3723726678942799,0.37554890256317286,0.07347923511254194,0.3038710619129757,0.0
0.4830414187546057,0.03729478768821448,0.3476575452232359,0.2997027756080192,0.0
0.5958513658416705,0.09913985353689109,0.05265200759114648,0.2989383666308101,1.0
0.6779472407452916,0.4233741910441531,0.09438405729442885,0.2942582465854463,0.0
0.570106597409249,0.14110074066386935,0.1848206484027795,0.6540933028932399,0.0
0.7842311200722238,0.4044551369095487,0.0,0.03231788108652685,0.0
0.7339537084362788,0.3085318728288975,0.042793255561620544,0.21240956336357403,0.0
0.34616455328728024,0.1395164506343377,0.2678184823884478,0.34281274622083413,0.0
0.644395081588916,0.08865161097853941,0.4532427301336501,0.6472536444213215,0.0
0.057082305711913375,0.446524642525048,0.0524219786478321,0.0280497519358351,0.0
0.4288001073461629,0.4474694275358373,0.17797907598233023,0.23657450932887336,0.0
0.3143264264555584,0.5277149813203034,0.10365109608092203,0.07685655671412173,0.0
0.23863357205054447,0.4683773214231136,0.5846294911211436,0.4757233877867297,0.0
0.3846947621433776,0.15397867166208673,0.42533345265722966,0.4688503028236007,1.0
0.5697894946905475,0.2071983950472518,0.43376947079024974,0.4690551581517685,0.0
0.5841523728930873,0.0736705542815484,0.06557605410570554,0.29631883084279775,1.0
0.545623734002309,0.2470351380300062,0.056810260482199934,0.30180246611972117,1.0
0.5404805773899581,0.19810159606209354,0.0367503620040627,0.07282742354789246,1.0
0.4606752428174853,0.4037628566944731,0.336232466969672,0.21470641259818224,0.0
0.30245678441237994,0.12126713117377885,0.25767716501292004,0.523343819302674,1.0
0.10128983929468018,0.0557918190818435,0.06757534034976782,0.07763454431296704,1.0
0.29789102384715643,0.32901872068763616,0.6679420480748027,0.46690332867839285,1.0
0.726108555481955,0.18274596634668994,0.02384012238547406,0.029748810687331637,0.0
0.1853940875589357,0.5786369381470197,0.39954400746411145,0.2076736346266938,1.0
0.2089303126623892,0.3406125661600645,0.2016072972569964,0.653471788374586,1.0
0.8152220751423935,0.0995901382841663,0.034333844709879116,0.16806747934087798,0.0
0.9471076983465241,0.1807598884741276,0.2057692794155591,0.47006164514263554,0.0
0.28610995160510816,0.07823491223765738,0.0547811022840896,0.295252555540167,1.0
0.6224467100263047,0.32448805995715413,0.019769594160470437,0.03835503443744932,0.0
0.1334141394404663,0.23364356956232224,0.13728278049028733,0.255000978524911,0.0
0.138765925604188,0.14913739494948908,0.09603138362151624,0.12005713787855313,0.0
0.26640233924472034,0.40269876804772753,0.33360562306263203,0.30077298813192266,0.0
0.5730814018026115,0.14459292900938547,0.18666869291634136,0.1705495717696376,0.0
0.21728899729527146,0.4413435311944789,0.06021532537890953,0.11647478059564303,0.0
0.5259025363892064,0.3586114203681675,0.03356896536563036,0.041673303882106966,0.0
0.8399860783151865,0.3881560337042903,0.1513965912123864,0.2081884462316872,0.0
0.6445244121365745,0.46700779781083024,0.1540179964142111,0.2170148227010178,0.0
0.16111943633635714,0.25241449304561636,0.2527855216142032,0.6435670253996211,1.0
0.00024489781629497345,0.0581320284371713,0.001454822293510379,0.0850271230349853,0.0
0.040520906219946216,0.236148628544247,0.6333040205629055,0.5114557642273583,0.0
0.48697557143691733,0.1586370513754326,0.1904185690282546,0.47538202869821605,0.0
0.37209365037588327,0.10623248608572083,0.24738327309577882,0.6028383240643815,1.0
0.2736482665279459,0.31918634661722123,0.056394625524585795,0.2922768126493195,0.0
0.0067613096315803445,0.6554795481670743,0.07180330111416594,0.12605725196190573,1.0
0.433880614893687,0.15895931603636781,0.18404481109023016,0.477525097115525,0.0
0.358543162455629,0.265258246518732,0.07114401475172694,0.032060159480578596,0.0
0.5638025787653533,0.14008382579537787,0.06262011360243355,0.07891146450393582,0.0
0.40515667838914676,0.3233828627271693,0.09202142703116017,0.12569248719725928,1.0
0.9695216220129736,0.17614079116676618,0.06345268048446014,0.16631626013746262,0.0
0.3164588543768671,0.6111339931989628,0.37796528253550765,0.6485405404093416,1.0
0.8647789115435418,0.17254474700770894,0.12947238845087333,0.2921652718133774,0.0
0.24478382344068342,0.3558577755625134,0.05823085434555561,0.17262188011053614,0.0
0.4487297182122795,0.41021853477398074,0.2051834701987918,0.6547014913102644,0.0
0.2709264488691716,0.33255182755673396,0.0602186485053845,0.29625464470468965,1.0
0.32912684539490616,0.5640569395530901,0.32870100020866694,0.6422272414598464,1.0
0.9219024354588969,0.16115646571708764,0.027260044594702937,0.0857125090407746,1.0
0.4951395061772925,0.3778800199358323,0.1837669979295964,0.20408642527669235,0.0
0.0,0.3904208323828817,0.20300911927215923,0.10217898286255603,0.0
0.13666579651374977,0.7969465964871958,0.1471417440584161,0.30086014088240953,0.0
0.4125250291241564,0.23583021448034358,0.23525862894969132,0.3436181343387452,0.0
0.9544627187120311,0.16983800655603942,0.08620173739914169,0.20590774081456042,0.0
0.46802481276112223,0.2990859898594568,0.1942186361879401,0.2172750511052418,0.0
0.7945892867901357,0.01715225086673844,0.10843393293177982,0.1613026998784495,0.0
0.19310888833693104,0.3609542377792977,0.5054640064075457,0.7420271392596967,0.0
0.5987104546921266,0.12125065731003604,0.2468198093616462,0.2931473767897731,1.0
0.35681542845792386,0.22663326604595113,0.30220338010563086,0.4740753135515285,0.0
0.2572217818701736,0.2010663434308051,0.3090354984583336,0.21507915262962302,0.0
0.2684846081847858,0.2613482247932888,0.03849795788341997,0.16546794490832842,1.0
0.24443595259184273,0.32621683978153093,0.3939262200196472,0.47010960260442597,0.0
0.5265135787198102,0.6891520070888322,0.05395953181067498,0.3018495814546703,0.0
0.9265958037144252,0.15105791765810334,0.14744208452056332,0.1285554021379253,0.0
0.5268438047209355,0.6003124486121603,0.00618688804690992,0.03848415094587179,0.0
0.12172244142812853,0.26479720205603297,0.15536882797281293,0.08411786490026654,0.0
0.16500985599968176,0.471007920178229,0.4802736962777414,0.14859443523643723,1.0
0.1021049047077035,0.14375275092677775,0.46016161087614194,0.34011751395708967,0.0
0.23068490207110084,0.11582948385286285,0.7797492821216991,0.6417487094819305,1.0
0.28848545978966667,0.5496987436361451,0.04821864812561348,0.07374141818811444,0.0
0.007888155556309635,0.18131268035218095,0.2711921051854859,0.47737519434060666,1.0
0.6864654940443111,0.10131098881093847,0.10454924993903174,0.39031228255613254,1.0
0.4110926959829004,0.20498897954797723,0.04432577366971716,0.20498234585033054,1.0
0.019499584826216144,0.4577599732705583,0.1724458568154528,0.03203396545618438,1.0
0.46275576688027786,0.40009444239489556,0.12819414926009134,0.261455805493083,1.0
0.8562423757310053,0.11784633950804724,0.05259891939638696,0.07382712108014441,0.0
0.7208922245202325,0.1284885586540253,0.14098881746250214,0.2980864763575846,0.0
0.23011352602409335,0.02068944271012163,0.01842709342721869,0.12888914610794105,0.0
0.3600424504529151,0.21558459675103614,0.15728442800883144,0.3904696266563227,1.0
0.22040852932042973,0.18746290487337092,0.18376472737828384,0.11594273547524478,0.0
0.46462228288717056,0.15516953263465183,0.3943874008191305,0.8176855598917956,0.0
0.33137383782877433,0.5376597449813425,0.10155066191699692,0.11796577299044969,0.0
0.18702775057171098,0.640304937210963,0.02567355119719432,0.30297327260113077,0.0
0.3885896323572392,0.2168006010108483,0.13732247956425306,0.47689723559902125,1.0
0.5057579977348008,0.07980406358764386,0.1930328700896181,0.299659032179351,0.0
0.21387990815026592,0.2695802016920592,0.09353027911434325,0.21145580485418464,0.0
0.1585796523256079,0.23549091804066624,0.06907810059336181,0.2085497943980411,0.0
0.19700407682302956,0.40373594022505555,0.022671370459590848,0.03933507782380781,0.0
0.07525945210806508,0.05863997576200769,0.1418324909412769,0.29462670338104,0.0
0.34565858777243313,0.27222950371091337,0.13052559190691262,0.2063555758551453,0.0
0.9371670691275545,0.033517129233679555,0.5444216812155129,0.8218599151652635,0.0
0.03621910958512806,0.05706398992703593,0.15952872137925064,0.3015165921610357,0.0
0.7226271848436423,0.08632494931358131,0.0077894180442973585,0.17137001181317824,0.0
0.1422535525512943,0.3156103163137196,0.06185646438524024,0.042361092121503796,0.0
0.32162456938832645,0.25705445699389273,0.09909372958905772,0.2164555042457288,0.0
0.021751104623074002,0.3583008677531908,0.04331779804919657,0.11937049887334286,0.0
0.041769300456612965,0.22397908322803917,0.06994100950346045,0.09186887449333409,0.0
0.4435673546511124,0.07825670464812573,0.06570469221767218,0.1602040136691143,0.0
0.452750353706183,0.06502087880396018,0.011221968139385774,0.0379591382990145,0.0
0.36833259244575456,0.23431733460434467,0.05396876157784035,0.09795198285492421,0.0
0.41523299580426737,0.2716016595299968,0.11388227549001864,0.2125264338643007,0.0
0.5750680653047894,0.17009077813247753,0.14706189260816752,0.25514503449714593,0.0
0.9116491174452883,0.3286647729701917,0.4090933557349167,0.6541816820524187,1.0
0.1933264496838457,0.2958947565145357,0.03995552054272647,0.12770999047781592,0.0
0.4702429130752861,0.5166859446387613,0.052985998200218584,0.17144668250422102,0.0
0.4690088454075596,0.5768695009261112,0.07401064502779346,0.02823805390790396,0.0
0.22520716185812745,0.11769664621284837,0.2697430310989257,0.2988266574972856,0.0
0.31643357218990087,0.2831859219762405,0.07258752144290646,0.16511958213654895,0.0
0.4076805060298989,0.37725593190853246,0.41673174520724,0.3541330550827373,0.0
0.3214271870944137,0.0806900510630208,0.08774458734698355,0.605289370835814,1.0
0.015040213650994432,0.2335219218889537,0.09287263854079499,0.298823608937343,1.0
0.47122705369187673,0.3038101163712026,0.1556562682927451,0.47904843796915936,0.0
0.6389585665491824,0.3111770305083984,0.10989497227178581,0.11871734649396529,0.0
0.2414229414184055,0.4097002749544143,0.06895376050193189,0.1189034511516747,0.0
0.3615321241962111,0.09605330579238408,0.23961097173183152,0.6410653419518939,1.0
0.8310839697613375,0.25885817953369994,0.20444816766725926,0.21245464152299876,1.0
0.48050323046881266,0.13952980306543394,0.27501370681456694,0.2483012802810305,0.0
0.16762647039640968,0.5104699304026638,0.4448519311046307,0.4787094968901234,1.0
0.044245431465876964,0.23849639000671186,0.057840490230784775,0.20501144057714304,0.0
0.3803644506300042,0.44581817337058915,0.20948427045488138,0.30003460477026767,1.0
0.9588307701495749,0.07736949094206719,0.05427649241895435,0.07231633667371773,0.0
0.1370405558753564,0.7499743963485481,0.10980503646728079,0.1158910452869614,1.0
0.8499184086842194,0.11351435505245616,0.2048037260781864,0.2996210213490078,0.0
0.8045720852321591,0.1328550256641251,0.11852573568483185,0.21618583667802654,0.0
0.9121936300904282,0.13083602788437348,0.16127882598395027,0.29275483437442074,0.0
0.6917753416106371,0.06716744449852396,0.31368395784781883,0.6522204578812865,1.0
0.0028839261439376034,0.3648134402538046,0.05617693772705255,0.16915416093270064,1.0
0.45353378655619725,0.3105252642374422,0.056584330653711046,0.2964491062521052,0.0
0.7732308408292983,0.17254215258136174,0.21253492909626873,0.29176318483704894,1.0
0.4533601918599369,0.7026443421748261,0.08899507471464596,0.38631022584229846,0.0
0.4582333659336679,0.18074051873296426,0.13714996149591216,0.3626054794776324,0.0
0.14477692585661625,0.5061999669198375,0.05866867791886109,0.16413759388402485,0.0
0.16577464713790582,0.5761365077334151,0.1701500842357208,0.47970996285600537,0.0
0.2689789246312371,0.25268693199093284,0.11740954933112341,0.4788855458249763,1.0
0.19966699348414177,0.4083829985288664,0.035102904713637785,0.12530201936842064,1.0
0.46404528409112733,0.21994768149909527,0.18549743968892513,0.2927306700188647,1.0
0.027346130537366117,0.23172551329452296,0.3844959848685425,0.6466455900019095,0.0
0.07544303901183855,0.05215726584071595,0.12288242052534729,0.3045643968500055,0.0
0.693532480038484,0.10004455081547142,0.022129241043088714,0.1258733914455647,0.0
0.7574516129858789,0.2150156731114552,0.3581157287386371,0.6439875002908404,1.0
0.5245969905398046,0.07980832648766717,0.0941619797998894,0.21543464761896314,0.0
0.6593699127416404,0.026522216822219224,0.24346018014924922,0.11672333830520606,0.0
0.4955136128620555,0.5970876217171667,0.1136251154817024,0.096661277082072,0.0
0.1732093374776429,0.1745852522905771,0.02221833163891565,0.07948839680355177,1.0
0.46151242672360476,0.18145686283198448,0.38056769387666417,0.5593495315896884,0.0
0.33071995306598867,0.47224974841862677,0.206683509219636,0.359755330764242,1.0
0.6565323077717216,0.22776055170970744,0.14587384918081933,0.09695320108911745,0.0
0.018721857053523524,0.07400999785646145,0.07066194023380667,0.12875634147099146,1.0
0.16676241754541382,0.2156209033274019,0.32246584238742726,0.6527017331841027,0.0
0.23748838484996085,0.5181956828264664,0.1259110132754192,0.2990889942485766,1.0
0.015289385475257471,0.2609077096586133,0.06733227623073273,0.295997044103007,0.0
0.3094989573814595,0.3152215422142819,0.11641155811760273,0.12217750640542813,0.0
0.3852943063289996,0.4998212120185255,0.060148634202854476,0.036262915135498175,0.0
0.28313011197614923,0.4172352042172457,0.16951425436017592,0.12525731962990758,0.0
0.36850954591916557,0.36646192821071555,0.16499168657584676,0.47796499894918437,0.0
0.11645379110639768,0.29690239540223673,0.36855675866230064,0.4795472825224057,0.0
0.628744753750836,0.3812638591984848,0.40871749562275905,0.4720422260219757,0.0
0.014965285848924995,0.4925954037609902,0.12991321463061511,0.29915646263653045,0.0
0.40614403136929667,0.2202366700412658,0.15945598469095026,0.29446380756554724,0.0
0.9664615546853094,0.2409712720267403,0.05692696812277015,0.3007933860589438,1.0
0.1314179402888948,0.1950967347999898,0.3144777037455837,0.34301736996663595,0.0
0.09782761092737102,0.3139518022863279,0.2195867611957938,0.29831534878257465,1.0
0.2847467590208882,0.12781105011611643,0.06022366272621647,0.21110553868335252,1.0
0.12370438463591332,0.5382051683340849,0.06573752315224926,0.20872880385972525,0.0
0.5966158944924471,0.08023822832947347,0.039972774168965566,0.21695767461757426,1.0
0.16997408921959312,0.5286216241353306,0.496696154982117,0.2922148872217048,0.0
0.10237075573049308,0.305313658347086,0.07108321671124315,0.11820148245871012,0.0
0.9715606381147146,0.17804527110169155,0.1336462529488478,0.2985783422192692,0.0
0.4038893586571866,0.6935569493798179,0.10866125780630728,0.4780862403654795,1.0
0.4927685422359253,0.12047888383562394,0.0338836454825535,0.207155750887071,0.0
0.2462151985952435,0.5819632376591509,0.050315443339648616,0.06023377442108123,0.0
0.8876032844714616,0.5302203276399309,0.08499290920208079,0.21405911835355101,0.0
0.26218722230644365,0.30636371228784764,0.06175336636665926,0.12689602426584165,1.0
0.8541450324389915,0.21572837055072858,0.13932287546876804,0.2542685962647829,0.0
0.4151845806087443,0.13639245789458776,0.0361647746767741,0.05946696168390703,0.0
0.7517210795805946,0.0738617067201851,0.1043248971669045,0.09572708350916165,0.0
0.05378009079445737,0.2865580197398958,0.13770289136531444,0.07817901096109206,0.0
0.41757846705092616,0.3134126170051318,0.09152532729654483,0.21061581855508188,0.0
0.8772152837260198,0.723108066877884,0.3392676776376647,0.6461140585620662,1.0
0.18900005658388205,0.24019500414106576,0.15012632060742898,0.2999084807101665,0.0
0.17146202720900108,0.12269145690183542,0.12232326942711938,0.21298082908796173,1.0
0.7992427620205566,0.09382893837772682,0.05433184254662654,0.06769439581123196,1.0
0.23587879262613118,0.22818682527393652,0.5286001761744045,0.47225626170340224,0.0
0.16583783256071588,0.3004311731547017,0.4736544604285278,0.6502194039329867,0.0
0.09319266591501171,0.1376923977134079,0.24967532583161253,0.6432530704984782,0.0
0.07021945412209182,0.20961156067561793,0.594455017255043,0.4684838675379133,0.0
0.4644918464401362,0.23894939714330232,0.07045204940874522,0.21616048207657573,1.0
0.5664598282946097,0.6304126977425439,0.023209382152387763,0.037030149197999185,0.0
0.1474977498670341,0.2581607189828299,0.11385055193188279,0.24776012638230327,1.0
0.4991158232779598,0.2269887612080279,0.4785663630370217,0.478215437735882,0.0
0.08035993717349653,0.3588791793036663,0.38393103021954333,0.11548998740834887,0.0
0.05502866888877529,0.2892125889132712,0.10405106412689849,0.12110406394089845,0.0
0.02125588423903234,0.08510644921604454,0.17154060526939122,0.16425037588091823,0.0
0.09868546048883244,0.7997731753193866,0.14893916683762548,0.29836759159165266,0.0
0.12131439178218512,0.35407307935221244,0.09210341979466583,0.08764308292140946,0.0
0.10328571392234463,0.5160014192448115,0.06289225374504104,0.12273748339592117,0.0
0.3214881230558248,0.31332761615596405,0.27798837497021517,0.20451109351723606,0.0
0.3394764241117271,0.172544450897411,0.08511151584235352,0.13226141690118023,0.0
0.45172833653766814,0.28064750844227104,0.1380452989977608,0.12461847681422766,0.0
0.4210036567196686,0.38454869169642114,0.06249900711738228,0.1688926782732715,0.0
0.29742290032295543,0.32403710599375346,0.10180991233708042,0.20632778376317346,1.0
0.8152198157113043,0.8275265000466672,0.046676780709417255,0.2075973081247895,0.0
0.7883610668196616,0.2928425339449934,0.062876392600951,0.10214947714087477,0.0
0.4756156408605248,0.383186918670153,0.09104066024651998,0.17231486476366595,0.0
0.11588580292101784,0.2914051125517594,0.30769612843200134,0.4780444238260914,0.0
0.9526520373328328,0.44959346820692103,0.08975006097492845,0.12102061095347935,0.0
0.9255519775357244,0.4794745907347131,0.11439077241453674,0.05476687393354106,0.0
0.38624990957508054,0.49441818623514844,0.0733166857537271,0.21554956001238934,0.0
0.7032434480990409,0.387884688556312,0.05899667513263089,0.11320839240877578,0.0
0.08582905477049617,0.3895408922617074,0.07686507056617967,0.25662004823191154,1.0
0.3943146970041782,0.43995802097387116,0.3930532129562822,0.3041088422040317,0.0
0.8972914131090562,0.6251116727584297,0.3980720259902224,0.3860762198628239,1.0
0.11263947626121146,0.4401509753019791,0.05957862275169169,0.3024386760429527,1.0
0.17249698015276305,0.2861466186578209,0.4844782484439235,0.48036000711688326,0.0
0.36707929362297764,0.16934500575452927,0.10559341170069861,0.20500357607264896,1.0
0.08589083430572575,0.3205159130947237,0.14424906481242988,0.3041290931096209,0.0
0.44191541948447804,0.31671685585427556,0.10623398211835391,0.38987729243124103,0.0
0.9999999999999999,0.7860188129784038,0.19297497017797047,0.2931493379080865,0.0
0.7542386700587003,0.4484602069672562,0.3394521052801114,0.29855412447514923,0.0
0.4807055988936998,0.29844781349002647,0.06424039569788914,0.09094482619516442,0.0
0.5455122926132816,0.8102403970461884,0.06375316788652724,0.1351175145265905,0.0
0.7493241868261131,0.32217672400773634,0.18501504078181533,0.21249561035806286,0.0
0.6243626077226369,0.07791059019374025,0.1828489630886435,0.11562926311577665,0.0
0.10010199699521924,0.5315544000963216,0.04577952749819515,0.12577591725274634,1.0
0.7572642924333789,0.04109945678556087,0.043973898092373,0.2041454903858611,0.0
0.46163715512232967,0.22667722642236088,0.11862026610357271,0.08329685903126893,0.0
0.08371856292098007,0.5497840200971371,0.04338456943454706,0.09610473571448186,0.0
0.16958514857594378,0.1758852148645007,0.04722801060850252,0.12905963735001724,1.0
0.8998634792865164,0.07202088962573627,0.03226787233388754,0.11767860615616585,1.0
0.04297761003587729,0.23840549506643904,0.13271231061013658,0.21186684288016805,0.0
0.49579670751646904,0.09952835270254967,0.29411885592922454,0.9999999999999998,1.0
0.3297362985551541,0.04059395688305445,0.08343378544329026,0.030269309263215236,0.0
0.06239890844039327,0.209274432739452,0.7664426576194732,0.5130069739500405,0.0
0.4001082345944995,0.051085608924479775,0.05949736844668793,0.12317216236338294,1.0
0.1080845992594685,0.13898314886675578,0.17980879189836718,0.028333360547120656,0.0
0.7557493454834527,0.5340097262836777,0.05445062242023836,0.09276580383581262,1.0
0.47002451833929104,0.851697811785115,0.07022946995448692,0.12680410409760753,0.0
0.31610917610761935,0.3278069614198026,0.0863067013833041,0.4692431823560003,1.0
0.34214174408074843,0.5257369925804356,0.27181651208959157,0.33773575329622685,0.0
0.30602055297828024,0.2288903091189196,0.32451093822448174,0.23930202024448882,0.0
0.48180124976043476,0.6247376589929003,0.2541914645629477,0.2954698466378641,1.0
0.560959314774368,0.6599707494738185,0.074461405299544,0.30050263920162057,0.0
0.07594709704364845,0.6020289443169106,0.10855439591248575,0.30223360256391874,0.0
0.1569361489190329,0.4853090188001533,0.3346155138766844,0.6429600849019963,1.0
0.11842652013909065,0.220183443912908,0.17495158091217491,0.2967998138104321,0.0
0.7962007983650798,0.29813906351282815,0.07384461015367219,0.12680928225851998,0.0
0.03988816297033049,0.7566752956114497,0.054425304562129045,0.20418081832877966,0.0
0.7759917429303852,0.09267603787627848,0.010059294810674512,0.03873460511700795,1.0
0.13635276133991733,0.15922104061095377,0.18524955278829966,0.12237714728405563,0.0
0.743517875579218,0.07374952908519394,0.12438448769210517,0.16425861785585008,0.0
0.16022471482560038,0.43755408594408796,0.10710447887150219,0.2932083058973782,0.0
0.1337140792612817,0.5185780422622678,0.18313392981812227,0.6503183007496371,0.0
0.3806106746420339,0.6196606385634806,0.4190165097724775,0.12925615746049005,1.0
0.512707753176925,0.17256055811209992,0.10030093333832461,0.12810222759228485,0.0
0.31872749014969726,0.6295849915544238,0.06376939523816928,0.1248469099891148,0.0
0.41755793229293703,0.35327470086085344,0.10572187251694483,0.12272097585963676,0.0
0.880183756718667,0.1076132426823585,0.06508396172033738,0.1633834389013703,0.0
0.8063708124586692,0.08000958692828236,0.19600122102239373,0.17082873854680045,0.0
0.04354034305387948,0.41939218310671433,0.06632079022895858,0.0036325416622807055,0.0
0.8015889671501341,0.13207303756861372,0.13832289640465464,0.4249779911992999,0.0
0.8297755474224305,0.06371151890863985,0.08571401440436593,0.20693197961398857,1.0
0.14475735716530136,0.5465699820291798,0.1581398831618966,0.12831230685488715,0.0
0.500046945584102,0.21889722456788518,0.23237092684476976,0.46638913110174246,0.0
0.8850410510654153,0.08750051723502933,0.05382882767259617,0.11956356933516996,1.0
0.020467446863844482,0.42723450660205464,0.5627032728188031,0.4756854744647075,0.0
0.5620341916757653,0.15058475239100144,0.0514566426478123,0.11859777390277179,0.0
0.24930124173846188,0.43373684410407665,0.12464034021449921,0.20460528441722925,0.0
0.22510794229513936,0.5451915140597878,0.18739215939984077,0.3800963868004955,0.0
0.9325466997489761,0.0,0.09519089711394582,0.08373837601642362,1.0
0.6632954277042376,0.18623731140121624,0.10567905233068182,0.12583502950610811,0.0
0.4190740348673764,0.22428585801066991,0.40342337347640883,0.6461151077613951,0.0
0.12288146731076871,0.6322835015659563,0.07409175644507533,0.29559895936406294,0.0
0.8634256169693749,0.0849843474289772,0.11215744592282359,0.24802437637318997,0.0
0.19891701694012132,0.20246484246430496,0.10294241419439594,0.11884053476912135,0.0
0.311851332255946,0.2906141434062065,0.05247683133908196,0.04018845396173586,0.0
0.008085973476063026,0.4964047690958955,0.4059939567038023,0.6461481451631057,0.0
0.6581262473514364,0.1717813706097976,0.1705269657805151,0.4778042829017937,1.0
0.9697359453689953,0.13170193766516874,0.19252513568869356,0.3016230933617472,0.0
0.5817868070927475,0.15335411566226742,0.05751384477117956,0.21137955866803237,0.0
0.7288796983390738,0.04381955970582169,0.034971551032443114,0.11680767434926262,0.0
0.4424468805745599,0.9916634305877126,0.23528680971050428,0.3028518730684408,0.0
0.8364644818915877,0.3227771537740092,0.057080554318135204,0.2927089531091937,0.0
0.5726946213698004,0.404246592050686,0.31386204762994374,0.5550465320167586,0.0
0.504526207112638,0.10076160428424158,0.05637551559886181,0.16227571444888994,1.0
0.7932253617262071,0.09162442924222058,0.07253758134733812,0.20521891939119025,0.0
0.36332505900002876,0.14968032126523906,0.3056143662175816,0.3032036841464367,0.0
0.33684697121581353,0.3571216014363815,0.08988684607592291,0.12438506898034593,0.0
0.840711807482236,0.22464467284962808,0.07056577960589483,0.16593141901404068,0.0
0.2522483624887343,0.25995652750081144,0.12815500146012432,0.11664472373022744,1.0
0.37329518956688956,0.227632490214687,0.16017531401616972,0.3043963883769614,1.0
0.3320797434056603,0.33116098936468596,0.17327925742792788,0.12510178155261556,0.0
0.813053754529492,0.26592987131921264,0.1420119739207761,0.381158960559407,0.0
0.028616561050878515,0.2564415480685833,0.3322628780544831,0.5545660316886356,0.0
0.5021989897392378,0.1380701975764027,0.1576066452417047,0.2123243416388056,1.0
0.3103752429500151,0.04636717923285666,0.15304738748897115,0.5988256223852397,1.0
0.6527082520569526,0.36696588430965393,0.05162070107024336,0.2546630110846633,1.0
0.5322254707039741,0.18079128106166964,0.07751899060457693,0.29820125229841377,1.0
0.42305611950529926,0.1575586578832212,0.11422677244004842,0.16408234701198315,0.0
0.14744258999309512,0.5419126997543147,0.3054186851087122,0.12709056827417528,0.0
0.2082745231999711,0.15457332117535855,0.121764641040256,0.2933397812162799,0.0
0.16734436140542372,0.11306107575565721,0.05580608195062994,0.16365511958777867,1.0
0.17671506412418425,0.3132534608387305,0.0543817532239608,0.03867251517482326,0.0
0.04136556935746073,0.06827116850808651,0.20483382759745242,0.15708873999157935,0.0
0.8921075469984567,0.13425864697270534,0.06250290247856304,0.1277765324982252,1.0
0.24800373316530147,0.49923372336453686,0.11543547107900468,0.47227311081412354,0.0
0.08192249031190561,0.10113910128027387,0.10806657153135585,0.12123534345813927,0.0
0.44147360791928736,0.4699743335375174,0.3582693727232622,0.03811178062411687,0.0
0.9992761844750121,0.7145599476441149,0.08281323393098747,0.2964019107770719,0.0
0.31134436829196593,0.4459940784075347,0.0705848610280687,0.2071662142039033,1.0
0.051457166510609,0.22975127814958063,0.33566209091322974,0.3792966742231342,1.0
0.7754346183106248,0.07776759690427199,0.09317503528984734,0.20457266176449446,1.0
0.3412968698999951,0.4872926227186507,0.026243242310708542,0.08976243740738946,0.0
0.40683724389209874,0.4748140343725128,0.08253270888714818,0.031015435262630106,0.0
0.3079613744639797,0.24875244314811862,0.23839672682463217,0.3848799405788052,0.0
0.06867659021320675,0.2592737082474853,0.3202202978203309,0.21424300129324542,0.0
0.49055181645982243,0.5536253928095428,0.4476761751953893,0.3896978207703614,1.0
0.08158913466948255,0.32504483510447235,0.2455197077226838,0.29978205115614437,0.0
0.35794750897688893,0.361190395852407,0.10796185876865992,0.24221260550877521,0.0
0.16191766462543933,0.4905523659376093,0.08686892572379645,0.16180193558249026,0.0
0.11438662717437992,0.2932946688525483,0.243681386502791,0.2926470688437706,0.0
0.35639364939640944,0.8352427040181729,0.017668621998059658,0.25205601404204137,0.0
0.3217848248389754,0.35611482434724084,0.06851086141345201,0.12202531247758566,0.0
0.040028947180616836,0.34222777449522024,0.13763171817902695,0.6426322417175319,0.0
0.4948418916491659,0.09703570132297767,0.5160872975529467,0.47071324101205264,1.0
0.2465593943185924,0.8060293311271802,0.3623876459975819,0.8175832265867771,1.0
0.7738223809862418,0.09535883292193026,0.2232768375888285,0.6531024455052761,1.0
0.40998120229638957,0.43887779924210235,0.120590600392672,0.33962218370091724,0.0
0.7467497977264852,0.6471100583147188,0.051747574263231594,0.21558483458251027,1.0
0.12194776734835062,0.2193754791814717,0.0628638964809636,0.30309253858501317,0.0
0.027471675724314894,0.14645566504135155,0.030373470794379416,0.14679737709771182,0.0
0.5334426237836899,0.08417288739088286,0.10183966128587518,0.14079112759848814,0.0
0.23421645454505946,0.1588879526833853,0.1872158111012612,0.25153921961319187,0.0
0.027190912561453617,0.5132224957136766,0.026447466473665526,0.058398752305967305,0.0
0.8698263022799305,0.69871484210559,0.05543660416334831,0.2919034738342204,0.0
0.6771328210548231,0.2836471000823211,0.07017296568525336,0.2952289151814142,0.0
0.9107725465252804,0.193610980187227,0.2615071372245709,0.25963279372085696,1.0
0.2026408536503479,0.17655291205981294,0.2742349635326878,0.3829571097132356,1.0
0.5256701377922954,0.0790699865334718,0.16420942862743637,0.29891547781324646,1.0
0.4605800493072528,0.5310308630591495,0.08213179302984974,0.3026270028119444,0.0
0.28449466860715533,0.5540634427435457,0.021482456736713798,0.11937682837020805,0.0
0.17773698734537147,0.054711343126342626,0.19711118369292457,0.38450758141389135,0.0
0.3361358618954867,0.1359403204896022,0.2266901502435581,0.5631710132762129,1.0
0.4312899482494694,0.34563940042175423,0.30049134527951143,0.4671306486117002,0.0
0.06099702272307427,0.1256024663029176,0.059424357991202145,0.11992105035640693,0.0
0.45257300114504023,0.4207060888664703,0.11238029781721251,0.12442388909823612,1.0
0.5842861672884174,0.15573944397134942,0.11771512902335377,0.20667846110895188,0.0
0.024590640002154666,0.30829882936115516,0.1664359817770993,0.2600822840464416,0.0
0.3184795871215713,0.10235440641413235,0.12759168336432986,0.5179718956954675,0.0
0.5788310264863976,0.082363340600551,0.17817704064205628,0.29093596830914537,0.0
0.082062909643418,0.3362757711669827,0.030348998894267377,0.16905329359916757,1.0
0.08179021469155558,0.5351697250900254,0.04256469014115947,0.3028345326882311,1.0
0.1722903827065741,0.09142583958821082,0.011465678538736887,0.08111316898256724,0.0
0.49239025307162615,0.21813358737043198,0.11289650650218128,0.4672731044436032,1.0
0.03688582673058788,0.187241766696423,0.04694267402054891,0.12219358558574472,0.0
0.4336804371126682,0.21496094064247973,0.09269609798824606,0.29651884265490086,1.0
0.02433797664094221,0.1136938132870457,0.06792109801138192,0.11572749144037237,1.0
0.4210804747977689,0.391789685676988,0.15554654861740383,0.38781212749689387,0.0
0.7719745173188735,0.21226204232750367,0.26665296804281485,0.6532774774275754,1.0
0.3462273998321442,0.3384514722875923,0.19961498116449747,0.2948208756618781,0.0
0.291283342168753,0.1597633998589535,0.01288935974290672,0.035861452040845954,0.0
0.5651296524127437,0.42746616539513593,0.44391543235086806,0.3460000098490976,1.0
0.5161458731222285,0.33071093689922604,0.09749450112454985,0.2946975883030356,0.0
0.5308950861881276,0.2664630390585315,0.16475823794938674,0.21168644405378928,0.0
0.8080005166448994,0.17360745740363615,0.11156177904343967,0.20489927146945058,1.0
0.16883382146079426,0.12086354653119186,0.05567913163011279,0.11844753657516005,0.0
0.23450535158686459,0.09210871066924098,0.0713250196766268,0.2958362370831744,1.0
0.6588669706088683,0.3015132072687988,0.062216785132447314,0.30323936762785153,1.0
0.6899570824758554,0.17059810323650226,0.1310206647943425,0.16687020314009457,1.0
0.8160260936853306,0.18220101870736438,0.09042684149444762,0.1219430817757445,0.0
0.324833627319173,0.44318880165817964,0.09273102043020202,0.12059090551387025,0.0
0.6091085124062081,0.05278505993377547,0.06141664403587879,0.07433139405189282,1.0
0.22432308690863992,0.08925116889264678,0.15247108406001533,0.2911714886465053,0.0
0.25549497299616425,0.37312120351598854,0.6431444912591427,0.29798154289919815,1.0
0.5930447253291358,0.07351398063189568,0.01928966561746613,0.0018531293458888959,0.0
0.4230389290482643,0.46058809913589915,0.07169186886857568,0.20555876183495536,1.0
0.9102440288228361,0.1883977917123646,0.03660469854925208,0.3012800782128185,1.0
0.2338026021971886,0.8326086464048608,0.17298267391803232,0.5676668424043299,0.0
0.4873069225943339,0.15371209484401388,0.33368980557369854,0.29837965209130796,0.0
0.6767375284077014,0.673709802127306,0.0708653060717467,0.04154671662103099,0.0
0.7287804667821809,0.2421746120932453,0.23993739155637492,0.03117495837028189,1.0
0.8245328504297774,0.021961598936836912,0.16154475151810407,0.1596390805871817,0.0
0.3425612296539537,0.27212193783302696,0.07379384697135204,0.2557535247852761,0.0
0.3342541624432833,0.27471086717085236,0.3501809605961879,0.47263451305206466,0.0
0.9673511987076491,0.20445817900065488,0.044290444693190684,0.21040759304548606,0.0
0.40088086349092533,0.38090895297127125,0.02388704615136209,0.1276890514988727,1.0
0.056418663639567906,0.8393561976465482,0.037388203474689456,0.1164567829137374,0.0
0.7442263807736065,0.34093665470685663,0.03721355458255402,0.11761328765603934,0.0
0.26092255845478995,0.043533915628395425,0.03588292763860218,0.12905274183911652,1.0
0.21082163725718145,0.4144900407967179,0.014986199000094206,0.12130331947625453,0.0
0.9370490989071377,0.28121896711470074,0.0998224166943912,0.2952067116023628,1.0
0.265385389019832,0.7084822653617429,0.8636206557747204,0.7304328714235861,1.0
0.3750388811759496,0.55799858813626,0.07201622556303745,0.29130363788916064,0.0
0.20428315873737188,0.13020059502758718,0.12077977089741576,0.1212334542486403,0.0
0.7202011711761692,0.20584016458657917,0.07540068711234119,0.11876181210471173,0.0
0.2694867318984472,0.8913182663619514,0.35824693803478513,0.21530165584817507,1.0
0.37898976470546025,0.12761815940253368,0.1830569041583316,0.0807938928063589,0.0
0.6402219730270176,1.0,0.2684606230725728,0.08167251230317327,1.0
0.36321424971358945,0.2915253920953157,0.09515450713052787,0.1732965061052639,0.0
0.3700618850109649,0.44204395834641574,0.25275054963800075,0.11715956529249916,1.0
0.3882416073897796,0.26899512771826894,0.12807962482779822,0.2913300131105342,0.0
0.24938559635488347,0.09495598648039777,0.1006846458265464,0.029192666104059753,0.0
0.23212327248017744,0.1965065843416608,0.1705215372460097,0.2921035546498229,1.0
0.4296635004282147,0.7526086424994549,0.09300266776520003,0.2982757180226635,0.0
0.1679362218940884,0.44889572904209896,0.05022069314697118,0.11750286599487916,0.0
0.3465143589248616,0.1980089775751659,0.2040998122400614,0.47332546871759223,0.0
0.04082496391631329,0.4155913742731592,0.06895796478576206,0.006000375708076738,0.0
0.9942700408610267,0.3444690464258151,0.07060884154979033,0.2980192087744639,0.0
0.15878891317150728,0.15172129710772675,0.04579767346947947,0.0769614438496512,0.0
0.33064067691206656,0.16897100550796318,0.22005558940760153,0.38144975783204244,1.0
0.3372313095683675,0.2602554410701574,0.06405138002495363,0.05721474608294917,0.0
0.4590785811706947,0.3718223711177938,0.1127562510554378,0.47778989765249474,0.0
0.3716931442739387,0.8017834702939257,0.06985475600819957,0.16323810075818782,0.0
0.15581262518296815,0.7591333928957711,0.09367980164461649,0.4675849499841534,1.0
0.12966989533697743,0.19947254471201736,0.08640961585970526,0.21540701726714162,0.0
0.5448262160049181,0.10737234379251859,0.1508067338015217,0.3843904338655365,0.0
0.23928738279809894,0.3377875195763699,0.18544667813723548,0.4707165620027102,0.0
0.4860179506249538,0.1691628295176737,0.028935165911766828,0.11847733348626643,0.0
0.9811027861245608,0.20625174286875636,0.38095883570949385,0.5631063473040254,1.0
0.6186767203004025,0.4598751616326494,0.6783787463310903,0.30152128830497843,1.0
0.13731194555994902,0.24376395702451625,0.11129941987445816,0.4688450991226722,0.0
0.13691619295344845,0.9314015314229638,0.388343876939367,0.1004498987768461,0.0
0.9211064086288119,0.39965800969006504,0.05470925840662537,0.08218337618102348,0.0
0.04822971229451235,0.3416154897709689,0.03049720190949251,0.12135848632740001,0.0
0.3220376749787633,0.22723032299928358,0.18715886367465567,0.11901903899791635,0.0
0.7364036603746092,0.4177806999747986,0.26596078965392683,0.30469107544680457,0.0
0.03632059290598873,0.0853378048406539,0.8485856204791019,0.6415486977549694,1.0
0.9147273522085194,0.6950520746254305,0.13746911149722033,0.12404721371542549,0.0
0.09756204614037352,0.0426257794531682,0.1391700471746227,0.21757349856554759,0.0
0.3525268346293788,0.1903860428474471,0.36521244456114343,0.4745225741777535,1.0
0.12624806866402158,0.9907594662071928,0.17598346705128687,0.020256386714416597,0.0
0.13690841857718566,0.21298002014819306,0.18247365625824932,0.6477009258658872,0.0
0.2168254774391002,0.209899066864763,0.6839492736017234,0.2558302708556341,1.0
0.34144721243107623,0.09533055854179673,0.15218676015632765,0.1281915339674938,0.0
0.7084352766258742,0.2624902110342858,0.10652571562702397,0.16197999966328533,0.0
0.3754087669450669,0.35882129483482017,0.1702881876616599,0.30337818023891056,1.0
0.14600758312104595,0.1560604613458496,0.025270588258931755,0.030923980487981492,0.0
0.6979160716034356,0.14160085819040064,0.15807146426326363,0.2944313991246132,1.0
0.42034177361409875,0.6349877922971766,0.15409571246993164,0.6509011595011944,1.0
0.3242295496878705,0.2260607458848899,0.07129963353548346,0.09067104470115772,0.0
0.2378429744303955,0.2088635797454027,0.09784982392465973,0.11694459426993703,0.0
0.13745912446357586,0.09942672857067097,0.4963858477577539,0.46607295457528714,1.0
